category,살 때(3.75g),팔 때(3.75g)
Mon Jul 15 2024,450000,395000
Sat Jul 13 2024,450000,393000
Fri Jul 12 2024,450000,393000
Thu Jul 11 2024,445000,391000
Wed Jul 10 2024,445000,391000
Tue Jul 09 2024,444000,389000
Mon Jul 08 2024,446000,390000
Sat Jul 06 2024,447000,389000
Fri Jul 05 2024,442000,387000
Thu Jul 04 2024,443000,386000
Wed Jul 03 2024,442000,385000
Tue Jul 02 2024,440000,385000
Mon Jul 01 2024,436000,384000
Sat Jun 29 2024,437000,384000
Fri Jun 28 2024,438000,384000
Thu Jun 27 2024,435000,383000
Wed Jun 26 2024,438000,385000
Tue Jun 25 2024,438000,387000
Mon Jun 24 2024,438000,387000
Sat Jun 22 2024,438000,384000
Fri Jun 21 2024,446000,388000
Thu Jun 20 2024,441000,387000
Wed Jun 19 2024,437000,385000
Tue Jun 18 2024,435000,385000
Mon Jun 17 2024,436000,385000
Sat Jun 15 2024,439000,384000
Fri Jun 14 2024,433000,383000
Thu Jun 13 2024,431000,383000
Wed Jun 12 2024,434000,383000
Tue Jun 11 2024,432000,382000
Mon Jun 10 2024,430000,382000
Sat Jun 08 2024,431000,382000
Fri Jun 07 2024,441000,385000
Thu Jun 06 2024,440000,385000
Wed Jun 05 2024,435000,383000
Tue Jun 04 2024,438000,384000
Mon Jun 03 2024,436000,383000
Sat Jun 01 2024,438000,385000
Fri May 31 2024,439000,385000
Thu May 30 2024,436000,384000
Wed May 29 2024,437000,385000
Tue May 28 2024,435000,385000
Mon May 27 2024,434000,383000
Sat May 25 2024,434000,380000
Fri May 24 2024,435000,380000
Thu May 23 2024,442000,381000
Wed May 22 2024,448000,386000
Tue May 21 2024,449000,389000
Mon May 20 2024,450000,388000
Sat May 18 2024,444000,385000
Fri May 17 2024,438000,384000
Thu May 16 2024,437000,383000
Wed May 15 2024,437000,381000
Tue May 14 2024,434000,381000
Mon May 13 2024,438000,384000
Sat May 11 2024,440000,384000
Fri May 10 2024,437000,383000
Thu May 09 2024,429000,378000
Wed May 08 2024,430000,378000
Tue May 07 2024,429000,376000
Mon May 06 2024,427000,370000
Sat May 04 2024,425000,369000
Fri May 03 2024,428000,373000
Thu May 02 2024,434000,378000
Wed May 01 2024,431000,380000
Tue Apr 30 2024,436000,380000
Mon Apr 29 2024,436000,386000
Sat Apr 27 2024,438000,388000
Fri Apr 26 2024,436000,388000
Thu Apr 25 2024,434000,388000
Wed Apr 24 2024,432000,388000
Tue Apr 23 2024,431000,388000
Mon Apr 22 2024,443000,400000
Sat Apr 20 2024,447000,403000
Fri Apr 19 2024,447000,402000
Thu Apr 18 2024,443000,399000
Wed Apr 17 2024,447000,400000
Tue Apr 16 2024,451000,393000
Mon Apr 15 2024,442000,390000
Sat Apr 13 2024,440000,389000
Fri Apr 12 2024,447000,389000
Thu Apr 11 2024,435000,386000
Wed Apr 10 2024,431000,385000
Tue Apr 09 2024,432000,384000
Mon Apr 08 2024,431000,381000
Sat Apr 06 2024,430000,379000
Fri Apr 05 2024,422000,379000
Thu Apr 04 2024,423000,378000
Wed Apr 03 2024,421000,377000
Tue Apr 02 2024,417000,367000
Mon Apr 01 2024,415000,373000
Sat Mar 30 2024,410000,366000
Fri Mar 29 2024,410000,366000
Thu Mar 28 2024,403000,368000
Wed Mar 27 2024,400000,360000
Tue Mar 26 2024,396000,359000
Mon Mar 25 2024,397000,358000
Sat Mar 23 2024,398000,357000
Fri Mar 22 2024,397000,357000
Thu Mar 21 2024,399000,356000
Wed Mar 20 2024,394000,353000
Tue Mar 19 2024,395000,353000
Mon Mar 18 2024,390000,351000
Sat Mar 16 2024,392000,351000
Fri Mar 15 2024,394000,351000
Thu Mar 14 2024,390000,348000
Wed Mar 13 2024,387000,347000
Tue Mar 12 2024,391000,346000
Mon Mar 11 2024,391000,340000
Sat Mar 09 2024,392000,339000
Fri Mar 08 2024,389000,339000
Thu Mar 07 2024,390000,338000
Wed Mar 06 2024,388000,337000
Tue Mar 05 2024,386000,335000
Mon Mar 04 2024,379000,335000
Sat Mar 02 2024,380000,334000
Fri Mar 01 2024,374000,334000
Thu Feb 29 2024,372000,334000
Wed Feb 28 2024,370000,334000
Tue Feb 27 2024,370000,334000
Mon Feb 26 2024,370000,334000
Sat Feb 24 2024,371000,334000
Fri Feb 23 2024,368000,333000
Thu Feb 22 2024,370000,334000
Wed Feb 21 2024,370000,334000
Tue Feb 20 2024,369000,335000
Mon Feb 19 2024,368000,334000
Sat Feb 17 2024,368000,333000
Fri Feb 16 2024,365000,333000
Thu Feb 15 2024,364000,332000
Wed Feb 14 2024,365000,332000
Tue Feb 13 2024,367000,333000
Mon Feb 12 2024,369000,332000
Sat Feb 10 2024,369000,332000
Fri Feb 09 2024,371000,332000
Thu Feb 08 2024,370000,332000
Wed Feb 07 2024,369000,332000
Tue Feb 06 2024,370000,333000
Mon Feb 05 2024,371000,334000
Sat Feb 03 2024,374000,335000
Fri Feb 02 2024,373000,335000
Thu Feb 01 2024,372000,334000
Wed Jan 31 2024,371000,334000
Tue Jan 30 2024,370000,334000
Mon Jan 29 2024,370000,333000
Sat Jan 27 2024,370000,333000
Fri Jan 26 2024,370000,333000
Thu Jan 25 2024,368000,333000
Wed Jan 24 2024,371000,334000
Tue Jan 23 2024,370000,334000
Mon Jan 22 2024,371000,333000
Sat Jan 20 2024,371000,332000
Fri Jan 19 2024,370000,332000
Thu Jan 18 2024,369000,331000
Wed Jan 17 2024,373000,333000
Tue Jan 16 2024,373000,332000
Mon Jan 15 2024,371000,329000
Sat Jan 13 2024,369000,327000
Fri Jan 12 2024,366000,325000
Thu Jan 11 2024,366000,324000
Wed Jan 10 2024,367000,324000
Tue Jan 09 2024,365000,323000
Mon Jan 08 2024,368000,323000
Sat Jan 06 2024,368000,322000
Fri Jan 05 2024,367000,321000
Thu Jan 04 2024,367000,320000
Wed Jan 03 2024,369000,322000
Tue Jan 02 2024,366000,321000
Sat Dec 30 2023,367000,320000
Fri Dec 29 2023,365000,320000
Thu Dec 28 2023,368000,321000
Wed Dec 27 2023,366000,320000
Tue Dec 26 2023,365000,320000
Sat Dec 23 2023,365000,319000
Fri Dec 22 2023,365000,319000
Thu Dec 21 2023,363000,318000
Wed Dec 20 2023,363000,317000
Tue Dec 19 2023,363000,317000
Mon Dec 18 2023,360000,316000
Sat Dec 16 2023,360000,316000
Fri Dec 15 2023,360000,316000
Thu Dec 14 2023,361000,316000
Wed Dec 13 2023,357000,315000
Tue Dec 12 2023,358000,315000
Mon Dec 11 2023,362000,316000
Sat Dec 09 2023,362000,316000
Fri Dec 08 2023,364000,317000
Thu Dec 07 2023,366000,317000
Wed Dec 06 2023,363000,316000
Tue Dec 05 2023,365000,317000
Mon Dec 04 2023,371000,319000
Sat Dec 02 2023,367000,317000
Fri Dec 01 2023,365000,316000
Thu Nov 30 2023,363000,316000
Wed Nov 29 2023,361000,316000
Tue Nov 28 2023,357000,315000
Mon Nov 27 2023,360000,315000
Sat Nov 25 2023,358000,315000
Fri Nov 24 2023,358000,315000
Thu Nov 23 2023,355000,315000
Wed Nov 22 2023,355000,315000
Tue Nov 21 2023,352000,314000
Mon Nov 20 2023,350000,314000
Sat Nov 18 2023,352000,314000
Fri Nov 17 2023,353000,314000
Thu Nov 16 2023,351000,313000
Wed Nov 15 2023,351000,313000
Tue Nov 14 2023,390000,348000
Mon Nov 13 2023,351000,313000
Sat Nov 11 2023,350000,313000
Fri Nov 10 2023,354000,314000
Thu Nov 09 2023,349000,313000
Wed Nov 08 2023,354000,314000
Tue Nov 07 2023,354000,313000
Mon Nov 06 2023,354000,313000
Sat Nov 04 2023,358000,314000
Fri Nov 03 2023,359000,314000
Thu Nov 02 2023,365000,315000
Wed Nov 01 2023,368000,316000
Tue Oct 31 2023,368000,316000
Mon Oct 30 2023,370000,318000
Sat Oct 28 2023,373000,318000
Fri Oct 27 2023,367000,316000
Thu Oct 26 2023,369000,316000
Wed Oct 25 2023,364000,314000
Tue Oct 24 2023,363000,314000
Mon Oct 23 2023,366000,315000
Sat Oct 21 2023,366000,315000
Fri Oct 20 2023,366000,315000
Thu Oct 19 2023,363000,314000
Wed Oct 18 2023,358000,314000
Tue Oct 17 2023,355000,314000
Mon Oct 16 2023,355000,314000
Sat Oct 14 2023,359000,312000
Fri Oct 13 2023,347000,311000
Thu Oct 12 2023,345000,310000
Wed Oct 11 2023,342000,309000
Tue Oct 10 2023,344000,309000
Mon Oct 09 2023,339000,308000
Sat Oct 07 2023,339000,307000
Fri Oct 06 2023,337000,306000
Thu Oct 05 2023,339000,307000
Wed Oct 04 2023,341000,306000
Tue Oct 03 2023,340000,306000
Mon Oct 02 2023,343000,308000
Sat Sep 30 2023,343000,308000
Fri Sep 29 2023,346000,310000
Thu Sep 28 2023,349000,311000
Wed Sep 27 2023,352000,313000
Tue Sep 26 2023,354000,313000
Mon Sep 25 2023,353000,313000
Sat Sep 23 2023,353000,314000
Fri Sep 22 2023,353000,314000
Thu Sep 21 2023,355000,315000
Wed Sep 20 2023,352000,314000
Tue Sep 19 2023,352000,313000
Mon Sep 18 2023,350000,313000
Sat Sep 16 2023,351000,312000
Fri Sep 15 2023,349000,311000
Thu Sep 14 2023,349000,310000
Wed Sep 13 2023,348000,310000
Tue Sep 12 2023,350000,311000
Mon Sep 11 2023,351000,312000
Sat Sep 09 2023,352000,312000
Fri Sep 08 2023,352000,312000
Thu Sep 07 2023,351500,312000
Wed Sep 06 2023,353000,312000
Tue Sep 05 2023,352000,311000
Mon Sep 04 2023,352000,311000
Sat Sep 02 2023,352000,311000
Fri Sep 01 2023,351000,311000
Thu Aug 31 2023,353000,312000
Wed Aug 30 2023,352000,311000
Tue Aug 29 2023,349000,310000
Mon Aug 28 2023,348000,309000
Sat Aug 26 2023,349000,309000
Fri Aug 25 2023,348000,310000
Thu Aug 24 2023,349000,310000
Wed Aug 23 2023,349000,309000
Tue Aug 22 2023,349000,309000
Mon Aug 21 2023,348000,308000
Sat Aug 19 2023,348000,307000
Fri Aug 18 2023,347000,307000
Thu Aug 17 2023,349000,308000
Wed Aug 16 2023,350000,308000
Tue Aug 15 2023,349000,307000
Mon Aug 14 2023,349000,307000
Sat Aug 12 2023,349500,307000
Fri Aug 11 2023,348500,306000
Thu Aug 10 2023,347000,306000
Wed Aug 09 2023,349000,308000
Tue Aug 08 2023,348000,308000
Mon Aug 07 2023,349000,308000
Sat Aug 05 2023,348000,308000
Fri Aug 04 2023,345000,308000
Thu Aug 03 2023,345000,308000
Wed Aug 02 2023,346500,308000
Tue Aug 01 2023,345000,308000
Mon Jul 31 2023,343000,307000
Sat Jul 29 2023,343000,306000
Fri Jul 28 2023,343500,306000
Thu Jul 27 2023,347000,307000
Wed Jul 26 2023,345000,308000
Tue Jul 25 2023,345000,309000
Mon Jul 24 2023,346000,310000
Sat Jul 22 2023,347000,310000
Fri Jul 21 2023,346500,310000
Thu Jul 20 2023,346500,308000
Wed Jul 19 2023,344000,308000
Tue Jul 18 2023,340000,307000
Mon Jul 17 2023,340500,305000
Sat Jul 15 2023,341000,305000
Fri Jul 14 2023,340500,305000
Thu Jul 13 2023,343000,306000
Wed Jul 12 2023,344000,305000
Tue Jul 11 2023,344500,304000
Mon Jul 10 2023,344500,304500
Sat Jul 08 2023,344000,304000
Fri Jul 07 2023,344000,304000
Thu Jul 06 2023,344000,304000
Wed Jul 05 2023,344000,304000
Tue Jul 04 2023,344000,299000
Mon Jul 03 2023,346000,302000
Sat Jul 01 2023,347000,302000
Fri Jun 30 2023,346000,302000
Thu Jun 29 2023,344000,300000
Wed Jun 28 2023,344000,299000
Tue Jun 27 2023,344000,301000
Mon Jun 26 2023,346000,301000
Sat Jun 24 2023,345500,301000
Fri Jun 23 2023,344500,299000
Thu Jun 22 2023,342500,299000
Wed Jun 21 2023,344500,299000
Tue Jun 20 2023,344000,300000
Mon Jun 19 2023,344500,300000
Sat Jun 17 2023,344000,298000
Fri Jun 16 2023,343500,296000
Thu Jun 15 2023,341000,295000
Wed Jun 14 2023,342000,295000
Tue Jun 13 2023,344000,298000
Mon Jun 12 2023,347000,301000
Sat Jun 10 2023,347000,301000
Fri Jun 09 2023,349000,304000
Thu Jun 08 2023,348500,304000
Wed Jun 07 2023,351000,302000
Tue Jun 06 2023,350500,303000
Mon Jun 05 2023,351000,303000
Sat Jun 03 2023,350000,303000
Fri Jun 02 2023,356000,307000
Thu Jun 01 2023,356000,307000
Wed May 31 2023,356000,306000
Tue May 30 2023,352000,305000
Mon May 29 2023,353000,306000
Sat May 27 2023,354000,306000
Fri May 26 2023,354000,306000
Thu May 25 2023,356000,307000
Wed May 24 2023,357000,309000
Tue May 23 2023,354000,307000
Mon May 22 2023,356500,310000
Sat May 20 2023,359000,310000
Fri May 19 2023,357500,310000
Thu May 18 2023,363000,313000
Wed May 17 2023,365500,313000
Tue May 16 2023,367500,314000
Mon May 15 2023,368000,314000
Sat May 13 2023,369000,314000
Fri May 12 2023,367000,313000
Thu May 11 2023,368000,313000
Wed May 10 2023,368500,314000
Tue May 09 2023,366000,311000
Mon May 08 2023,365500,311000
Sat May 06 2023,365000,309000
Fri May 05 2023,370000,313000
Thu May 04 2023,370000,313000
Wed May 03 2023,369500,313000
Tue May 02 2023,364000,309000
Mon May 01 2023,364000,309000
Sat Apr 29 2023,364500,309000
Fri Apr 28 2023,364000,309000
Thu Apr 27 2023,366500,310000
Wed Apr 26 2023,366500,310000
Tue Apr 25 2023,365000,308000
Mon Apr 24 2023,361000,307000
Sat Apr 22 2023,362000,307000
Fri Apr 21 2023,363500,307000
Thu Apr 20 2023,363000,308000
Wed Apr 19 2023,362000,307000
Tue Apr 18 2023,360500,306000
Mon Apr 17 2023,360000,305000
Sat Apr 15 2023,359000,302000
Fri Apr 14 2023,364000,306000
Thu Apr 13 2023,363000,305000
Wed Apr 12 2023,365000,306000
Tue Apr 11 2023,361500,304000
Mon Apr 10 2023,360000,305000
Sat Apr 08 2023,362000,306000
Fri Apr 07 2023,363000,306000
Thu Apr 06 2023,363000,306000
Wed Apr 05 2023,362000,306000
Tue Apr 04 2023,355000,304000
Mon Apr 03 2023,353000,302000
Sat Apr 01 2023,353000,302000
Fri Mar 31 2023,353500,301000
Thu Mar 30 2023,350000,301000
Wed Mar 29 2023,351000,300000
Tue Mar 28 2023,349000,299000
Mon Mar 27 2023,351500,301000
Sat Mar 25 2023,351500,301000
Fri Mar 24 2023,352500,300000
Thu Mar 23 2023,347500,297000
Wed Mar 22 2023,348000,298000
Tue Mar 21 2023,354000,301000
Mon Mar 20 2023,361000,301000
Sat Mar 18 2023,357000,299000
Fri Mar 17 2023,345000,296000
Thu Mar 16 2023,345000,296000
Wed Mar 15 2023,341500,294000
Tue Mar 14 2023,342000,294000
Mon Mar 13 2023,338000,293000
Sat Mar 11 2023,339000,293000
Fri Mar 10 2023,334000,293000
Thu Mar 09 2023,330000,291000
Wed Mar 08 2023,329000,289000
Tue Mar 07 2023,330000,290000
Mon Mar 06 2023,330500,290000
Sat Mar 04 2023,331000,290000
Fri Mar 03 2023,331000,290000
Thu Mar 02 2023,330500,290000
Wed Mar 01 2023,332000,291000
Tue Feb 28 2023,329500,291000
Mon Feb 27 2023,328500,290000
Sat Feb 25 2023,328000,290000
Fri Feb 24 2023,326500,289000
Thu Feb 23 2023,327500,291000
Wed Feb 22 2023,330000,293000
Tue Feb 21 2023,328000,293000
Mon Feb 20 2023,328500,293500
Sat Feb 18 2023,328500,293500
Fri Feb 17 2023,326500,293000
Thu Feb 16 2023,326000,293000
Wed Feb 15 2023,326000,294000
Tue Feb 14 2023,325500,294000
Mon Feb 13 2023,327500,294000
Sat Feb 11 2023,326000,294000
Fri Feb 10 2023,324500,294000
Thu Feb 09 2023,326500,296000
Wed Feb 08 2023,326500,295500
Tue Feb 07 2023,326000,295500
Mon Feb 06 2023,323000,294500
Sat Feb 04 2023,322500,294000
Fri Feb 03 2023,324000,295000
Thu Feb 02 2023,330000,296000
Wed Feb 01 2023,327000,296000
Tue Jan 31 2023,326000,296000
Mon Jan 30 2023,326500,296000
Sat Jan 28 2023,328000,296000
Fri Jan 27 2023,327000,296000
Thu Jan 26 2023,330000,297000
Wed Jan 25 2023,329000,297000
Tue Jan 24 2023,329000,296000
Sat Jan 21 2023,328000,296000
Fri Jan 20 2023,327000,296000
Thu Jan 19 2023,325000,295000
Wed Jan 18 2023,325000,295000
Tue Jan 17 2023,327000,296000
Mon Jan 16 2023,327500,297000
Sat Jan 14 2023,328500,297000
Fri Jan 13 2023,325000,297000
Thu Jan 12 2023,323000,297000
Wed Jan 11 2023,323000,296500
Tue Jan 10 2023,321000,294500
Mon Jan 09 2023,323000,294000
Sat Jan 07 2023,326500,294000
Fri Jan 06 2023,321500,293000
Thu Jan 05 2023,324500,293500
Wed Jan 04 2023,325500,291500
Tue Jan 03 2023,324500,289500
Mon Jan 02 2023,320500,289000
Sat Dec 31 2022,319000,288000
Fri Dec 30 2022,317500,288000
Thu Dec 29 2022,316500,287500
Wed Dec 28 2022,318000,288000
Tue Dec 27 2022,317000,287500
Mon Dec 26 2022,318500,287000
Sat Dec 24 2022,318500,286000
Fri Dec 23 2022,318000,286000
Thu Dec 22 2022,320500,287000
Wed Dec 21 2022,322500,287500
Tue Dec 20 2022,321000,287500
Mon Dec 19 2022,323000,287000
Sat Dec 17 2022,324000,288000
Fri Dec 16 2022,321500,288000
Thu Dec 15 2022,323500,287500
Wed Dec 14 2022,323500,288000
Tue Dec 13 2022,321500,286500
Mon Dec 12 2022,322500,287500
Sat Dec 10 2022,323500,287500
Fri Dec 09 2022,324500,288000
Thu Dec 08 2022,325000,288000
Wed Dec 07 2022,323000,287500
Tue Dec 06 2022,322500,286500
Mon Dec 05 2022,321500,287000
Sat Dec 03 2022,323500,287000
Fri Dec 02 2022,322000,288000
Thu Dec 01 2022,320500,286000
Wed Nov 30 2022,319500,287000
Tue Nov 29 2022,321000,289000
Mon Nov 28 2022,323500,290000
Sat Nov 26 2022,324000,290000
Fri Nov 25 2022,320500,289500
Thu Nov 24 2022,322000,290000
Wed Nov 23 2022,324000,291000
Tue Nov 22 2022,325500,291500
Mon Nov 21 2022,326000,291000
Sat Nov 19 2022,324000,291000
Fri Nov 18 2022,325500,292000
Thu Nov 17 2022,325500,293500
Wed Nov 16 2022,324000,292500
Tue Nov 15 2022,323000,292000
Mon Nov 14 2022,323000,291000
Sat Nov 12 2022,322000,292000
Fri Nov 11 2022,320500,292000
Thu Nov 10 2022,324000,292000
Wed Nov 09 2022,321500,291500
Tue Nov 08 2022,319500,291000
Mon Nov 07 2022,323500,293000
Sat Nov 05 2022,328000,292000
Fri Nov 04 2022,322000,291000
Thu Nov 03 2022,322000,292000
Wed Nov 02 2022,322500,293500
Tue Nov 01 2022,322500,293500
Mon Oct 31 2022,322000,294000
Sat Oct 29 2022,323500,295000
Fri Oct 28 2022,326000,295000
Thu Oct 27 2022,326000,296000
Wed Oct 26 2022,326500,296000
Tue Oct 25 2022,326000,297000
Mon Oct 24 2022,329000,297500
Sat Oct 22 2022,329500,296500
Fri Oct 21 2022,323000,296000
Thu Oct 20 2022,322000,296000
Wed Oct 19 2022,323000,296500
Tue Oct 18 2022,326500,296500
Mon Oct 17 2022,327500,297000
Sat Oct 15 2022,327000,297000
Fri Oct 14 2022,329500,297500
Thu Oct 13 2022,329500,296500
Wed Oct 12 2022,328000,296000
Tue Oct 11 2022,330000,296500
Mon Oct 10 2022,332000,297500
Sat Oct 08 2022,332000,297000
Fri Oct 07 2022,333000,297000
Thu Oct 06 2022,333000,297500
Wed Oct 05 2022,335500,298500
Tue Oct 04 2022,334500,298000
Sat Oct 01 2022,332000,297500
Fri Sep 30 2022,329500,297500
Thu Sep 29 2022,327500,297000
Wed Sep 28 2022,323000,296000
Tue Sep 27 2022,322000,296000
Mon Sep 26 2022,324000,296500
Sat Sep 24 2022,324000,297000
Fri Sep 23 2022,325500,297500
Thu Sep 22 2022,322500,297000
Wed Sep 21 2022,322000,296000
Tue Sep 20 2022,322000,296500
Mon Sep 19 2022,321500,296500
Sat Sep 17 2022,322000,296500
Fri Sep 16 2022,321000,296500
Thu Sep 15 2022,325500,297500
Wed Sep 14 2022,327500,298000
Tue Sep 13 2022,327500,298000
Thu Sep 08 2022,328000,299000
Wed Sep 07 2022,325500,298500
Tue Sep 06 2022,326000,298500
Mon Sep 05 2022,323500,298000
Sat Sep 03 2022,323000,297500
Fri Sep 02 2022,321000,297000
Thu Sep 01 2022,319000,296500
Wed Aug 31 2022,320500,296000
Tue Aug 30 2022,323500,296500
Mon Aug 29 2022,322500,296000
Sat Aug 27 2022,323000,296500
Fri Aug 26 2022,324000,298000
Thu Aug 25 2022,324000,298500
Wed Aug 24 2022,325000,298500
Tue Aug 23 2022,322000,297500
Mon Aug 22 2022,323000,298000
Sat Aug 20 2022,323000,298000
Fri Aug 19 2022,322000,298000
Thu Aug 18 2022,322000,297500
Wed Aug 17 2022,322000,297500
Tue Aug 16 2022,323000,296500
Mon Aug 15 2022,325000,296500
Sat Aug 13 2022,325000,296500
Fri Aug 12 2022,322000,296000
Thu Aug 11 2022,321500,296000
Wed Aug 10 2022,324000,297000
Tue Aug 09 2022,322000,296000
Mon Aug 08 2022,320000,295500
Sat Aug 06 2022,320500,296000
Fri Aug 05 2022,322000,296500
Thu Aug 04 2022,320500,296000
Wed Aug 03 2022,320000,296000
Tue Aug 02 2022,321000,296500
Mon Aug 01 2022,319000,295000
Sat Jul 30 2022,320000,296000
Fri Jul 29 2022,317000,295000
Thu Jul 28 2022,313500,293000
Wed Jul 27 2022,312000,292500
Tue Jul 26 2022,313000,292500
Mon Jul 25 2022,313000,293500
Sat Jul 23 2022,314000,293500
Fri Jul 22 2022,313000,293500
Thu Jul 21 2022,307500,292500
Wed Jul 20 2022,311000,293500
Tue Jul 19 2022,311000,294500
Mon Jul 18 2022,313000,295500
Sat Jul 16 2022,314000,295000
Fri Jul 15 2022,313500,295000
Thu Jul 14 2022,314000,295500
Wed Jul 13 2022,313000,295000
Tue Jul 12 2022,315000,295500
Mon Jul 11 2022,314000,295000
Sat Jul 09 2022,314000,294000
Fri Jul 08 2022,314000,294000
Thu Jul 07 2022,315000,296500
Wed Jul 06 2022,321000,298500
Tue Jul 05 2022,325000,299500
Mon Jul 04 2022,324500,299000
Sat Jul 02 2022,325000,299000
Fri Jul 01 2022,323000,299000
Thu Jun 30 2022,326000,299000
Wed Jun 29 2022,326000,298000
Tue Jun 28 2022,325000,297000
Mon Jun 27 2022,326000,298500
Sat Jun 25 2022,327000,298500
Fri Jun 24 2022,327000,298500
Thu Jun 23 2022,331000,298000
Wed Jun 22 2022,329000,298000
Tue Jun 21 2022,328000,298000
Mon Jun 20 2022,328000,301000
Sat Jun 18 2022,329000,301000
Fri Jun 17 2022,328500,301000
Thu Jun 16 2022,326000,300000
Wed Jun 15 2022,324000,299500
Tue Jun 14 2022,325000,299500
Mon Jun 13 2022,331000,300000
Sat Jun 11 2022,331000,299000
Fri Jun 10 2022,324000,296500
Thu Jun 09 2022,320500,295500
Wed Jun 08 2022,318500,294500
Tue Jun 07 2022,318000,294500
Mon Jun 06 2022,318000,294500
Sat Jun 04 2022,317000,294500
Fri Jun 03 2022,318500,294500
Thu Jun 02 2022,317500,293500
Wed Jun 01 2022,314000,292500
Tue May 31 2022,316000,292500
Mon May 30 2022,317000,293000
Sat May 28 2022,319000,293500
Fri May 27 2022,319000,294000
Thu May 26 2022,321000,294000
Wed May 25 2022,322000,294000
Tue May 24 2022,322000,294000
Mon May 23 2022,322000,294000
Sat May 21 2022,323000,293500
Fri May 20 2022,322000,293500
Thu May 19 2022,319500,293000
Wed May 18 2022,317000,292500
Tue May 17 2022,321000,292500
Mon May 16 2022,319000,292000
Sat May 14 2022,320500,292000
Fri May 13 2022,322000,293500
Thu May 12 2022,327000,293500
Wed May 11 2022,324000,292500
Tue May 10 2022,326000,293500
Mon May 09 2022,327500,293500
Sat May 07 2022,327500,292500
Fri May 06 2022,327000,292500
Thu May 05 2022,328000,293000
Wed May 04 2022,325000,292000
Tue May 03 2022,325000,292000
Mon May 02 2022,327000,292000
Sat Apr 30 2022,328000,292000
Fri Apr 29 2022,330000,292000
Thu Apr 28 2022,327000,291000
Wed Apr 27 2022,328000,291000
Tue Apr 26 2022,327000,290500
Mon Apr 25 2022,328000,289500
Sat Apr 23 2022,329000,291000
Fri Apr 22 2022,331000,291000
Thu Apr 21 2022,330000,290500
Wed Apr 20 2022,328500,289500
Tue Apr 19 2022,334500,292000
Mon Apr 18 2022,335000,292000
Sat Apr 16 2022,331500,290500
Fri Apr 15 2022,331500,290500
Thu Apr 14 2022,330500,290500
Wed Apr 13 2022,330000,290500
Tue Apr 12 2022,331000,290000
Mon Apr 11 2022,330000,288500
Sat Apr 09 2022,327000,289000
Fri Apr 08 2022,323000,288500
Thu Apr 07 2022,320500,288000
Wed Apr 06 2022,320500,287500
Tue Apr 05 2022,320000,287000
Mon Apr 04 2022,321000,287000
Sat Apr 02 2022,323000,287000
Fri Apr 01 2022,322000,287000
Thu Mar 31 2022,319000,286000
Wed Mar 30 2022,319000,285000
Tue Mar 29 2022,322000,284000
Mon Mar 28 2022,325000,285000
Sat Mar 26 2022,328000,286000
Fri Mar 25 2022,325000,286000
Thu Mar 24 2022,323000,285000
Wed Mar 23 2022,321000,284000
Tue Mar 22 2022,322000,285000
Mon Mar 21 2022,319000,284000
Sat Mar 19 2022,319000,284000
Fri Mar 18 2022,320500,285000
Thu Mar 17 2022,322000,285000
Wed Mar 16 2022,325000,285000
Tue Mar 15 2022,330000,287500
Mon Mar 14 2022,332000,288000
Sat Mar 12 2022,334000,288500
Fri Mar 11 2022,333000,288500
Thu Mar 10 2022,332500,288000
Wed Mar 09 2022,345900,292000
Tue Mar 08 2022,335100,289500
Mon Mar 07 2022,334400,289500
Sat Mar 05 2022,328700,287500
Fri Mar 04 2022,321200,287000
Thu Mar 03 2022,318300,287500
Wed Mar 02 2022,319400,288500
Mon Feb 28 2022,315900,287500
Sat Feb 26 2022,310600,287500
Fri Feb 25 2022,314800,288000
Thu Feb 24 2022,313100,287500
Wed Feb 23 2022,310400,287000
Tue Feb 22 2022,312800,287500
Mon Feb 21 2022,311500,288000
Sat Feb 19 2022,311000,288000
Fri Feb 18 2022,311000,289000
Thu Feb 17 2022,307100,288500
Wed Feb 16 2022,304200,288000
Tue Feb 15 2022,307600,288500
Mon Feb 14 2022,305700,287500
Sat Feb 12 2022,302000,286500
Fri Feb 11 2022,301200,286000
Thu Feb 10 2022,300500,286000
Wed Feb 09 2022,300000,285500
Tue Feb 08 2022,299500,285500
Mon Feb 07 2022,297900,285000
Sat Feb 05 2022,297400,285000
Fri Feb 04 2022,297900,285000
Thu Feb 03 2022,299200,285000
Sat Jan 29 2022,297700,284500
Fri Jan 28 2022,297700,284000
Thu Jan 27 2022,300000,284500
Wed Jan 26 2022,303600,286500
Tue Jan 25 2022,302800,286500
Mon Jan 24 2022,301300,286000
Sat Jan 22 2022,301300,286000
Fri Jan 21 2022,301300,286000
Thu Jan 20 2022,300600,285500
Wed Jan 19 2022,297000,284000
Tue Jan 18 2022,297400,284000
Mon Jan 17 2022,297400,284000
Sat Jan 15 2022,298100,284000
Fri Jan 14 2022,298100,285000
Thu Jan 13 2022,298100,285000
Wed Jan 12 2022,298100,285000
Tue Jan 11 2022,296800,284000
Mon Jan 10 2022,295900,283500
Sat Jan 08 2022,296500,284000
Fri Jan 07 2022,295900,283500
Thu Jan 06 2022,298800,284500
Wed Jan 05 2022,299100,284500
Tue Jan 04 2022,297000,283500
Mon Jan 03 2022,299800,285000
Sat Jan 01 2022,298500,285000
Fri Dec 31 2021,297400,284000
Thu Dec 30 2021,294400,283000
Wed Dec 29 2021,295200,283000
Tue Dec 28 2021,295800,283000
Mon Dec 27 2021,295500,283000
Sat Dec 25 2021,295700,283000
Fri Dec 24 2021,295700,283000
Thu Dec 23 2021,295100,282500
Wed Dec 22 2021,293800,282000
Tue Dec 21 2021,293800,282000
Mon Dec 20 2021,294800,282000
Sat Dec 18 2021,294500,282000
Fri Dec 17 2021,294500,281500
Thu Dec 16 2021,290800,281000
Wed Dec 15 2021,290300,280000
Tue Dec 14 2021,292400,281500
Mon Dec 13 2021,290500,281000
Sat Dec 11 2021,290900,281000
Fri Dec 10 2021,289000,280000
Thu Dec 09 2021,289000,280000
Wed Dec 08 2021,290100,280000
Tue Dec 07 2021,290700,281000
Mon Dec 06 2021,292100,281000
Sat Dec 04 2021,290700,280500
Fri Dec 03 2021,287600,279000
Thu Dec 02 2021,288800,279500
Wed Dec 01 2021,289200,279500
Tue Nov 30 2021,292400,281000
Mon Nov 29 2021,294500,282500
Sat Nov 27 2021,295400,282500
Fri Nov 26 2021,294100,282000
Thu Nov 25 2021,293500,282000
Wed Nov 24 2021,293500,282000
Tue Nov 23 2021,296600,283500
Mon Nov 22 2021,301100,285000
Sat Nov 20 2021,301100,284500
Fri Nov 19 2021,301600,284500
Thu Nov 18 2021,302800,284500
Wed Nov 17 2021,301000,284500
Tue Nov 16 2021,302100,284500
Mon Nov 15 2021,301000,284500
Sat Nov 13 2021,301000,283500
Fri Nov 12 2021,301000,283000
Thu Nov 11 2021,301000,282000
Wed Nov 10 2021,296600,280000
Tue Nov 09 2021,295600,280000
Mon Nov 08 2021,295600,279000
Sat Nov 06 2021,292800,277500
Fri Nov 05 2021,292600,276500
Thu Nov 04 2021,288100,275500
Wed Nov 03 2021,289500,276000
Tue Nov 02 2021,289200,276000
Mon Nov 01 2021,287800,275500
Sat Oct 30 2021,288400,275500
Fri Oct 29 2021,289200,276000
Thu Oct 28 2021,289200,276000
Wed Oct 27 2021,287800,275500
Tue Oct 26 2021,288900,276000
Mon Oct 25 2021,290000,276000
Sat Oct 23 2021,290600,276000
Fri Oct 22 2021,289300,276000
Thu Oct 21 2021,288100,275500
Wed Oct 20 2021,286900,275000
Tue Oct 19 2021,287700,275000
Mon Oct 18 2021,288200,275500
Sat Oct 16 2021,287800,275000
Fri Oct 15 2021,291800,276500
Thu Oct 14 2021,292200,276500
Wed Oct 13 2021,289600,275500
Tue Oct 12 2021,289600,275500
Mon Oct 11 2021,288300,274500
Sat Oct 09 2021,288300,274500
Fri Oct 08 2021,287600,273500
Thu Oct 07 2021,288500,274000
Wed Oct 06 2021,287200,273500
Tue Oct 05 2021,288400,273500
Mon Oct 04 2021,288400,273500
Sat Oct 02 2021,287000,273000
Fri Oct 01 2021,286600,272500
Thu Sep 30 2021,282900,271500
Wed Sep 29 2021,283800,272500
Tue Sep 28 2021,286900,273000
Mon Sep 27 2021,285700,273000
Sat Sep 25 2021,287100,272500
Fri Sep 24 2021,285900,272500
Thu Sep 23 2021,290100,274000
Sat Sep 18 2021,287900,272000
Fri Sep 17 2021,286800,273000
Thu Sep 16 2021,288200,274000
Wed Sep 15 2021,290900,274500
Tue Sep 14 2021,288800,274000
Mon Sep 13 2021,288800,273500
Sat Sep 11 2021,288400,273500
Fri Sep 10 2021,289800,274000
Thu Sep 09 2021,288200,273500
Wed Sep 08 2021,287900,273500
Tue Sep 07 2021,291200,274500
Mon Sep 06 2021,290800,274000
Sat Sep 04 2021,291300,274000
Fri Sep 03 2021,288000,273000
Thu Sep 02 2021,289300,273500
Wed Sep 01 2021,289000,272500
Tue Aug 31 2021,290700,273500
Mon Aug 30 2021,291900,273500
Sat Aug 28 2021,291100,273500
Fri Aug 27 2021,289600,273000
Thu Aug 26 2021,287400,272500
Wed Aug 25 2021,288800,272500
Tue Aug 24 2021,290500,273500
Mon Aug 23 2021,288200,273500
Sat Aug 21 2021,288500,273500
Fri Aug 20 2021,288500,273500
Thu Aug 19 2021,288500,272000
Wed Aug 18 2021,289400,272500
Tue Aug 17 2021,288600,272500
Mon Aug 16 2021,286500,271000
Sat Aug 14 2021,286500,271000
Fri Aug 13 2021,283800,270500
Thu Aug 12 2021,281200,270000
Wed Aug 11 2021,277000,267000
Tue Aug 10 2021,275600,266000
Mon Aug 09 2021,274800,265500
Sat Aug 07 2021,277900,268000
Fri Aug 06 2021,282600,271500
Thu Aug 05 2021,283900,272500
Wed Aug 04 2021,286000,272000
Tue Aug 03 2021,286200,272000
Mon Aug 02 2021,286200,272000
Sat Jul 31 2021,289000,272000
Fri Jul 30 2021,288200,273000
Thu Jul 29 2021,286500,273500
Wed Jul 28 2021,285300,273500
Tue Jul 27 2021,283800,272500
Mon Jul 26 2021,285900,273500
Sat Jul 24 2021,285400,273500
Fri Jul 23 2021,284800,273500
Thu Jul 22 2021,284800,272500
Wed Jul 21 2021,285200,273500
Tue Jul 20 2021,286800,273000
Mon Jul 19 2021,285300,272500
Sat Jul 17 2021,284900,273000
Fri Jul 16 2021,286500,274000
Thu Jul 15 2021,287600,273500
Wed Jul 14 2021,285600,272000
Tue Jul 13 2021,284600,271000
Mon Jul 12 2021,284600,271000
Sat Jul 10 2021,285200,270500
Fri Jul 09 2021,285200,271000
Thu Jul 08 2021,282800,270500
Wed Jul 07 2021,280900,270000
Tue Jul 06 2021,279600,267000
Mon Jul 05 2021,277600,266000
Sat Jul 03 2021,278100,266000
Fri Jul 02 2021,277300,265000
Thu Jul 01 2021,275600,264500
Wed Jun 30 2021,274200,263000
Tue Jun 29 2021,276100,264500
Mon Jun 28 2021,275200,264500
Sat Jun 26 2021,276300,265000
Fri Jun 25 2021,275400,265000
Thu Jun 24 2021,277400,266500
Wed Jun 23 2021,278100,266500
Tue Jun 22 2021,278100,266000
Mon Jun 21 2021,276000,266000
Sat Jun 19 2021,276000,265500
Fri Jun 18 2021,276900,267000
Thu Jun 17 2021,281800,270000
Wed Jun 16 2021,284900,270500
Tue Jun 15 2021,285800,270000
Mon Jun 14 2021,286200,270000
Sat Jun 12 2021,288300,272000
Fri Jun 11 2021,289700,273000
Thu Jun 10 2021,289100,273000
Wed Jun 09 2021,290300,273500
Tue Jun 08 2021,290000,275000
Mon Jun 07 2021,276000,274500
Sat Jun 05 2021,277000,275000
Fri Jun 04 2021,274500,274000
Thu Jun 03 2021,277800,277000
Wed Jun 02 2021,276500,275000
Tue Jun 01 2021,277500,276000
Mon May 31 2021,278400,276000
Sat May 29 2021,278600,276500
Fri May 28 2021,277500,276000
Thu May 27 2021,277300,276000
Wed May 26 2021,279500,276500
Tue May 25 2021,276200,274000
Mon May 24 2021,279200,275000
Sat May 22 2021,278900,275000
Fri May 21 2021,276500,274500
Thu May 20 2021,277800,274500
Tue May 18 2021,278600,273500
Mon May 17 2021,275000,273000
Sat May 15 2021,273000,269000
Fri May 14 2021,271000,268000
Thu May 13 2021,270500,267000
Wed May 12 2021,270100,267000
Tue May 11 2021,270300,267000
Mon May 10 2021,268700,266500
Sat May 08 2021,268400,264500
Fri May 07 2021,267500,264000
Thu May 06 2021,265500,262500
Tue May 04 2021,265500,261500
Mon May 03 2021,263100,261000
Sat May 01 2021,263100,260500
Fri Apr 30 2021,260500,259000
Thu Apr 29 2021,261700,260500
Wed Apr 28 2021,260500,259500
Tue Apr 27 2021,261700,260500
Mon Apr 26 2021,262700,261000
Sat Apr 24 2021,262500,261000
Fri Apr 23 2021,264400,261500
Thu Apr 22 2021,265000,261500
Wed Apr 21 2021,263500,260000
Tue Apr 20 2021,262600,259500
Mon Apr 19 2021,263700,260500
Sat Apr 17 2021,263700,260000
Fri Apr 16 2021,261300,259500
Thu Apr 15 2021,258300,257000
Wed Apr 14 2021,260500,258500
Tue Apr 13 2021,259500,258500
Mon Apr 12 2021,260300,258500
Sat Apr 10 2021,260300,258500
Fri Apr 09 2021,260700,258500
Thu Apr 08 2021,259400,258000
Wed Apr 07 2021,259900,258000
Tue Apr 06 2021,260300,258000
Mon Apr 05 2021,260500,258000
Sat Apr 03 2021,262000,259000
Fri Apr 02 2021,261500,258500
Thu Apr 01 2021,258500,257000
Wed Mar 31 2021,255500,253000
Tue Mar 30 2021,258500,257000
Mon Mar 29 2021,260500,259000
Sat Mar 27 2021,260500,259000
Fri Mar 26 2021,260500,258500
Thu Mar 25 2021,261500,260500
Wed Mar 24 2021,260500,259500
Tue Mar 23 2021,260000,260000
Mon Mar 22 2021,261000,260000
Sat Mar 20 2021,261500,261000
Fri Mar 19 2021,260500,260500
Thu Mar 18 2021,260500,260000
Wed Mar 17 2021,260000,259000
Tue Mar 16 2021,260000,258500
Mon Mar 15 2021,260500,259500
Sat Mar 13 2021,261000,259500
Fri Mar 12 2021,260000,258500
Thu Mar 11 2021,262000,260000
Wed Mar 10 2021,261000,259000
Tue Mar 09 2021,259000,258000
Mon Mar 08 2021,259500,258500
Sat Mar 06 2021,258500,256500
Fri Mar 05 2021,258000,257500
Thu Mar 04 2021,259000,258000
Wed Mar 03 2021,261000,258000
Tue Mar 02 2021,258000,256000
Sat Feb 27 2021,262000,262000
Fri Feb 26 2021,264000,264000
Thu Feb 25 2021,265000,265000
Wed Feb 24 2021,265000,265000
Tue Feb 23 2021,264500,264000
Mon Feb 22 2021,262500,262000
Sat Feb 20 2021,262500,261500
Fri Feb 19 2021,262000,261000
Thu Feb 18 2021,264000,263000
Wed Feb 17 2021,266000,265000
Tue Feb 16 2021,266500,266000
Mon Feb 15 2021,267000,267000
Wed Feb 10 2021,271000,271000
Tue Feb 09 2021,271000,271000
Mon Feb 08 2021,269500,269500
Sat Feb 06 2021,268000,268000
Fri Feb 05 2021,266000,266000
Thu Feb 04 2021,267500,267500
Wed Feb 03 2021,268000,268000
Tue Feb 02 2021,271000,271000
Mon Feb 01 2021,271000,271000
Sat Jan 30 2021,270000,270000
Fri Jan 29 2021,269000,269000
Thu Jan 28 2021,267000,267000
Wed Jan 27 2021,266000,266000
Tue Jan 26 2021,266000,266500
Mon Jan 25 2021,266000,265000
Sat Jan 23 2021,270000,269000
Fri Jan 22 2021,271000,269000
Thu Jan 21 2021,271000,270000
Wed Jan 20 2021,269000,269000
Tue Jan 19 2021,268000,268000
Mon Jan 18 2021,266000,266000
Sat Jan 16 2021,267000,267000
Fri Jan 15 2021,269000,267000
Thu Jan 14 2021,269000,268000
Wed Jan 13 2021,269000,268000
Tue Jan 12 2021,266300,265000
Mon Jan 11 2021,264600,263000
Sat Jan 09 2021,267000,264000
Fri Jan 08 2021,273400,270000
Thu Jan 07 2021,272900,270000
Wed Jan 06 2021,274400,271000
Tue Jan 05 2021,272400,269000
Mon Jan 04 2021,268500,266000
Thu Dec 31 2020,267300,265000
Wed Dec 30 2020,266000,265000
Tue Dec 29 2020,266000,265000
Mon Dec 28 2020,266300,265000
Sat Dec 26 2020,264100,262500
Thu Dec 24 2020,264800,262500
Wed Dec 23 2020,264500,262000
Tue Dec 22 2020,265500,262000
Mon Dec 21 2020,265800,263000
Sat Dec 19 2020,264000,261000
Fri Dec 18 2020,263100,260000
Thu Dec 17 2020,261600,258000
Wed Dec 16 2020,260200,260000
Tue Dec 15 2020,255100,255000
Mon Dec 14 2020,255300,255000
Sat Dec 12 2020,255600,254000
Fri Dec 11 2020,255200,254000
Thu Dec 10 2020,254200,253000
Wed Dec 09 2020,255800,253500
Tue Dec 08 2020,255200,253500
Mon Dec 07 2020,251600,249000
Sat Dec 05 2020,251300,249000
Fri Dec 04 2020,253400,249500
Thu Dec 03 2020,254000,249000
Wed Dec 02 2020,254000,246000
Tue Dec 01 2020,250000,244500
Mon Nov 30 2020,249700,243000
Sat Nov 28 2020,251500,249000
Fri Nov 27 2020,255300,251000
Thu Nov 26 2020,255500,251000
Wed Nov 25 2020,254600,251000
Tue Nov 24 2020,256100,255000
Mon Nov 23 2020,262700,260000
Sat Nov 21 2020,262100,260000
Fri Nov 20 2020,261500,259000
Thu Nov 19 2020,261500,259000
Wed Nov 18 2020,261800,259000
Tue Nov 17 2020,263100,259000
Mon Nov 16 2020,264500,258500
Sat Nov 14 2020,263500,258500
Fri Nov 13 2020,263500,258500
Thu Nov 12 2020,261600,258000
Wed Nov 11 2020,263500,258000
Tue Nov 10 2020,262400,256000
Mon Nov 09 2020,273900,263000
Sat Nov 07 2020,275000,263500
Fri Nov 06 2020,273600,262500
Thu Nov 05 2020,271000,262000
Wed Nov 04 2020,271000,262000
Tue Nov 03 2020,269500,261000
Mon Nov 02 2020,268000,260000
Sat Oct 31 2020,269000,258000
Fri Oct 30 2020,266000,257000
Thu Oct 29 2020,268300,257500
Wed Oct 28 2020,269800,259500
Tue Oct 27 2020,270300,259500
Mon Oct 26 2020,269200,259000
Sat Oct 24 2020,269700,260000
Fri Oct 23 2020,271300,261000
Thu Oct 22 2020,272300,261000
Wed Oct 21 2020,272300,261000
Tue Oct 20 2020,272000,261000
Mon Oct 19 2020,272800,261000
Sat Oct 17 2020,272500,261000
Fri Oct 16 2020,274000,260000
Thu Oct 15 2020,272600,259000
Wed Oct 14 2020,272000,259000
Tue Oct 13 2020,277000,262000
Mon Oct 12 2020,277300,263000
Sat Oct 10 2020,277000,262000
Thu Oct 08 2020,273800,260000
Wed Oct 07 2020,274300,261500
Tue Oct 06 2020,277500,262500
Mon Oct 05 2020,277500,261000
Tue Sep 29 2020,276200,261000
Mon Sep 28 2020,273200,259500
Sat Sep 26 2020,273700,258500
Fri Sep 25 2020,272700,258500
Thu Sep 24 2020,273000,256000
Wed Sep 23 2020,277000,259000
Tue Sep 22 2020,278000,263500
Mon Sep 21 2020,283600,266500
Sat Sep 19 2020,284200,267500
Fri Sep 18 2020,284500,267500
Thu Sep 17 2020,287500,268500
Wed Sep 16 2020,288000,270000
Tue Sep 15 2020,289200,270000
Mon Sep 14 2020,288300,269500
Sat Sep 12 2020,288600,269500
Fri Sep 11 2020,289000,269500
Thu Sep 10 2020,288200,268500
Wed Sep 09 2020,286500,267500
Tue Sep 08 2020,286000,267500
Mon Sep 07 2020,287500,268500
Sat Sep 05 2020,287000,268500
Fri Sep 04 2020,288300,269500
Thu Sep 03 2020,288500,269500
Wed Sep 02 2020,291000,271500
Tue Sep 01 2020,293000,272500
Mon Aug 31 2020,291000,269000
Sat Aug 29 2020,290000,268000
Fri Aug 28 2020,285800,267000
Thu Aug 27 2020,289100,265000
Wed Aug 26 2020,286200,264000
Tue Aug 25 2020,287700,267000
Mon Aug 24 2020,288300,268000
Sat Aug 22 2020,289800,269500
Fri Aug 21 2020,289000,269000
Thu Aug 20 2020,288200,269000
Wed Aug 19 2020,296000,271000
Tue Aug 18 2020,295700,275000
Mon Aug 17 2020,288000,267000
Sat Aug 15 2020,289500,269000
Fri Aug 14 2020,290500,269000
Thu Aug 13 2020,287500,265000
Wed Aug 12 2020,288000,265000
Tue Aug 11 2020,298700,275000
Mon Aug 10 2020,301000,282000
Sat Aug 08 2020,302200,284000
Fri Aug 07 2020,305900,286000
Thu Aug 06 2020,302500,285000
Wed Aug 05 2020,300000,281000
Tue Aug 04 2020,295000,279000
Mon Aug 03 2020,295000,279000
Sat Aug 01 2020,296000,279000
Fri Jul 31 2020,292300,279000
Thu Jul 30 2020,292300,278000
Wed Jul 29 2020,293000,278000
Tue Jul 28 2020,295000,281000
Mon Jul 27 2020,288000,276000
Sat Jul 25 2020,285400,271000
Fri Jul 24 2020,282400,269000
Thu Jul 23 2020,280000,268000
Wed Jul 22 2020,277500,266000
Tue Jul 21 2020,272000,263000
Mon Jul 20 2020,272200,263000
Sat Jul 18 2020,272600,263000
Fri Jul 17 2020,271200,262500
Thu Jul 16 2020,271700,260000
Wed Jul 15 2020,271300,258000
Tue Jul 14 2020,271300,257500
Mon Jul 13 2020,270500,256500
Sat Jul 11 2020,270300,256000
Fri Jul 10 2020,270500,256000
Thu Jul 09 2020,269400,255000
Wed Jul 08 2020,268000,253000
Tue Jul 07 2020,266000,251000
Mon Jul 06 2020,265500,251000
Sat Jul 04 2020,265700,251000
Fri Jul 03 2020,266000,251000
Thu Jul 02 2020,265500,251000
Wed Jul 01 2020,267000,252000
Tue Jun 30 2020,265000,250500
Mon Jun 29 2020,265500,251000
Sat Jun 27 2020,266300,251000
Fri Jun 26 2020,264500,250000
Thu Jun 25 2020,266000,251000
Wed Jun 24 2020,267000,251000
Tue Jun 23 2020,267000,250000
Mon Jun 22 2020,267000,251000
Sat Jun 20 2020,264000,249500
Fri Jun 19 2020,262500,247500
Thu Jun 18 2020,264000,247500
Wed Jun 17 2020,262500,249000
Tue Jun 16 2020,261500,248000
Mon Jun 15 2020,263000,249000
Sat Jun 13 2020,261500,248000
Fri Jun 12 2020,261500,248000
Thu Jun 11 2020,259500,246000
Wed Jun 10 2020,259500,244500
Tue Jun 09 2020,257000,243500
Mon Jun 08 2020,255500,243000
Sat Jun 06 2020,256500,241000
Fri Jun 05 2020,261000,247000
Thu Jun 04 2020,259500,247000
Wed Jun 03 2020,262500,248500
Tue Jun 02 2020,266000,250500
Mon Jun 01 2020,266000,250000
Sat May 30 2020,266000,249000
Fri May 29 2020,265500,249500
Thu May 28 2020,264500,248600
Wed May 27 2020,263800,246600
Tue May 26 2020,267500,248000
Mon May 25 2020,267500,247600
Sat May 23 2020,268700,248600
Fri May 22 2020,266200,247500
Thu May 21 2020,267200,248000
Wed May 20 2020,266200,247600
Tue May 19 2020,264000,246600
Sat May 16 2020,267500,247500
Mon May 18 2020,269000,248200
Fri May 15 2020,271000,245000
Thu May 14 2020,268500,244000
Wed May 13 2020,266000,243000
Tue May 12 2020,265000,242000
Mon May 11 2020,266000,242000
Sat May 09 2020,268000,242000
Fri May 08 2020,268000,242000
Thu May 07 2020,267000,241000
Wed May 06 2020,268000,241000
Mon May 04 2020,267500,241000
Sat May 02 2020,266500,239500
Fri May 01 2020,266500,239000
Wed Apr 29 2020,269000,242000
Tue Apr 28 2020,270500,242500
Mon Apr 27 2020,273000,244500
Sat Apr 25 2020,273000,244500
Fri Apr 24 2020,273000,244500
Thu Apr 23 2020,271500,242000
Wed Apr 22 2020,268500,239500
Tue Apr 21 2020,266500,239000
Mon Apr 20 2020,264000,238000
Sat Apr 18 2020,265000,238000
Fri Apr 17 2020,271000,238000
Thu Apr 16 2020,271000,241000
Wed Apr 15 2020,268500,239500
Tue Apr 14 2020,267500,239000
Mon Apr 13 2020,264000,237000
Sat Apr 11 2020,263000,236000
Fri Apr 10 2020,263500,235500
Thu Apr 09 2020,259500,234500
Wed Apr 08 2020,260500,235000
Tue Apr 07 2020,260000,235000
Mon Apr 06 2020,257500,233000
Sat Apr 04 2020,258000,232000
Fri Apr 03 2020,255500,231500
Thu Apr 02 2020,254000,230000
Wed Apr 01 2020,252000,229000
Tue Mar 31 2020,254500,230000
Mon Mar 30 2020,254000,229000
Sat Mar 28 2020,254000,228000
Fri Mar 27 2020,254500,228000
Thu Mar 26 2020,254000,228000
Wed Mar 25 2020,258000,229000
Tue Mar 24 2020,256500,227000
Mon Mar 23 2020,245500,224000
Sat Mar 21 2020,243500,222500
Fri Mar 20 2020,241500,221000
Thu Mar 19 2020,245500,224000
Wed Mar 18 2020,245000,224000
Tue Mar 17 2020,242000,223000
Mon Mar 16 2020,244000,224000
Sat Mar 14 2020,241000,220000
Fri Mar 13 2020,250000,224000
Thu Mar 12 2020,255000,228000
Wed Mar 11 2020,256000,228000
Tue Mar 10 2020,257000,229000
Mon Mar 09 2020,260500,231000
Sat Mar 07 2020,255500,228000
Fri Mar 06 2020,255500,228000
Thu Mar 05 2020,249500,224000
Wed Mar 04 2020,250500,223000
Tue Mar 03 2020,246500,220500
Mon Mar 02 2020,248000,220000
Sat Feb 29 2020,248000,220000
Fri Feb 28 2020,257500,228000
Thu Feb 27 2020,257500,228000
Wed Feb 26 2020,257500,228000
Tue Feb 25 2020,257500,228000
Mon Feb 24 2020,262000,230500
Sat Feb 22 2020,256500,227500
Fri Feb 21 2020,256500,226000
Thu Feb 20 2020,248500,223500
Wed Feb 19 2020,247000,222500
Tue Feb 18 2020,243500,221000
Mon Feb 17 2020,242500,219500
Sat Feb 15 2020,243000,219500
Fri Feb 14 2020,242000,218500
Thu Feb 13 2020,240500,218000
Wed Feb 12 2020,240000,217500
Tue Feb 11 2020,241000,218500
Mon Feb 10 2020,242000,219000
Sat Feb 08 2020,243000,219000
Fri Feb 07 2020,241000,218000
Thu Feb 06 2020,239000,217000
Wed Feb 05 2020,240000,218000
Tue Feb 04 2020,244000,219000
Mon Feb 03 2020,244000,219000
Sat Feb 01 2020,246000,220500
Fri Jan 31 2020,243500,219000
Thu Jan 30 2020,243500,219000
Wed Jan 29 2020,240000,217000
Tue Jan 28 2020,241000,218000
Thu Jan 23 2020,236500,214500
Wed Jan 22 2020,235500,214000
Tue Jan 21 2020,237500,214500
Mon Jan 20 2020,234500,213500
Sat Jan 18 2020,234500,213500
Fri Jan 17 2020,233000,213000
Thu Jan 16 2020,234000,213000
Wed Jan 15 2020,232500,212500
Tue Jan 14 2020,231500,211500
Mon Jan 13 2020,233000,213000
Sat Jan 11 2020,235000,214000
Fri Jan 10 2020,233000,212500
Thu Jan 09 2020,232500,212500
Wed Jan 08 2020,241000,219000
Tue Jan 07 2020,236500,215500
Mon Jan 06 2020,239500,216500
Sat Jan 04 2020,234500,212000
Fri Jan 03 2020,232500,211000
Thu Jan 02 2020,227500,210000
Tue Dec 31 2019,228500,210500
Mon Dec 30 2019,227500,210000
Sat Dec 28 2019,227500,210000
Fri Dec 27 2019,227000,209500
Thu Dec 26 2019,226500,209000
Tue Dec 24 2019,224000,208000
Mon Dec 23 2019,222500,207000
Sat Dec 21 2019,222500,207000
Fri Dec 20 2019,223000,207000
Thu Dec 19 2019,223000,207000
Wed Dec 18 2019,223000,207000
Tue Dec 17 2019,224000,207000
Mon Dec 16 2019,225000,207000
Sat Dec 14 2019,225500,207500
Fri Dec 13 2019,223500,206000
Thu Dec 12 2019,227500,209000
Wed Dec 11 2019,226500,207000
Tue Dec 10 2019,225500,207000
Mon Dec 09 2019,225000,207000
Sat Dec 07 2019,225500,207000
Fri Dec 06 2019,227500,208000
Thu Dec 05 2019,227500,208000
Wed Dec 04 2019,228500,208500
Tue Dec 03 2019,225000,205500
Mon Dec 02 2019,223500,205000
Sat Nov 30 2019,225000,206500
Fri Nov 29 2019,223000,205000
Thu Nov 28 2019,223000,205000
Wed Nov 27 2019,223000,205000
Tue Nov 26 2019,221500,204500
Mon Nov 25 2019,223500,205000
Sat Nov 23 2019,224000,206000
Fri Nov 22 2019,223500,206000
Thu Nov 21 2019,225000,206500
Wed Nov 20 2019,223500,205000
Tue Nov 19 2019,223500,205000
Mon Nov 18 2019,222000,204500
Sat Nov 16 2019,222000,204500
Fri Nov 15 2019,222000,204500
Thu Nov 14 2019,222500,204500
Wed Nov 13 2019,221000,204000
Tue Nov 12 2019,220000,203000
Mon Nov 11 2019,221500,204000
Sat Nov 09 2019,219500,203000
Fri Nov 08 2019,220500,204500
Thu Nov 07 2019,223500,205000
Wed Nov 06 2019,223500,205000
Tue Nov 05 2019,227000,207000
Mon Nov 04 2019,228000,208000
Sat Nov 02 2019,229000,209000
Fri Nov 01 2019,228500,209000
Thu Oct 31 2019,225500,207000
Wed Oct 30 2019,225500,207000
Tue Oct 29 2019,226500,207000
Mon Oct 28 2019,228500,209000
Sat Oct 26 2019,228500,209000
Fri Oct 25 2019,228500,209000
Thu Oct 24 2019,226500,207000
Wed Oct 23 2019,226500,207000
Tue Oct 22 2019,225000,206500
Mon Oct 21 2019,227500,208000
Sat Oct 19 2019,228000,208000
Fri Oct 18 2019,228500,208500
Thu Oct 17 2019,229000,208000
Wed Oct 16 2019,228500,208000
Tue Oct 15 2019,229500,209000
Mon Oct 14 2019,228000,208000
Sat Oct 12 2019,229000,209000
Fri Oct 11 2019,231000,210000
Thu Oct 10 2019,234500,211000
Tue Oct 08 2019,231000,210000
Mon Oct 07 2019,234000,212000
Sat Oct 05 2019,233000,211000
Fri Oct 04 2019,235000,212500
Thu Oct 03 2019,235000,210500
Wed Oct 02 2019,231500,209500
Tue Oct 01 2019,227500,208000
Mon Sep 30 2019,232500,211500
Sat Sep 28 2019,234000,212000
Fri Sep 27 2019,233500,212000
Thu Sep 26 2019,234500,213000
Wed Sep 25 2019,238000,215500
Tue Sep 24 2019,235000,214000
Mon Sep 23 2019,235000,214000
Sat Sep 21 2019,235000,214000
Fri Sep 20 2019,232000,211500
Thu Sep 19 2019,231000,211000
Wed Sep 18 2019,231500,210000
Tue Sep 17 2019,230500,209000
Mon Sep 16 2019,232000,209000
Sat Sep 14 2019,229000,209000
Wed Sep 11 2019,230500,211000
Tue Sep 10 2019,230500,210000
Mon Sep 09 2019,233500,212000
Sat Sep 07 2019,234000,212000
Fri Sep 06 2019,236000,213000
Thu Sep 05 2019,240000,216000
Wed Sep 04 2019,242500,217000
Tue Sep 03 2019,240000,215000
Mon Sep 02 2019,240000,215000
Sat Aug 31 2019,238500,214000
Fri Aug 30 2019,238500,213500
Thu Aug 29 2019,241500,215500
Wed Aug 28 2019,241000,214500
Tue Aug 27 2019,240000,214000
Mon Aug 26 2019,241000,216000
Sat Aug 24 2019,239500,214000
Fri Aug 23 2019,234500,211000
Thu Aug 22 2019,234000,211000
Wed Aug 21 2019,233500,211000
Tue Aug 20 2019,234500,212000
Mon Aug 19 2019,236000,213000
Sat Aug 17 2019,238000,214000
Fri Aug 16 2019,238000,214000
Thu Aug 15 2019,240000,215000
Wed Aug 14 2019,236000,214000
Tue Aug 13 2019,241500,216000
Mon Aug 12 2019,234000,213000
Sat Aug 10 2019,233500,214000
Fri Aug 09 2019,233500,214500
Thu Aug 08 2019,233000,214000
Wed Aug 07 2019,235000,213000
Tue Aug 06 2019,230500,206000
Mon Aug 05 2019,229000,203000
Sat Aug 03 2019,225000,201000
Fri Aug 02 2019,223000,200000
Thu Aug 01 2019,218000,198000
Wed Jul 31 2019,219000,199000
Tue Jul 30 2019,218500,199000
Mon Jul 29 2019,218500,199000
Sat Jul 27 2019,218000,198500
Fri Jul 26 2019,218000,198500
Thu Jul 25 2019,217500,198000
Wed Jul 24 2019,217000,197500
Tue Jul 23 2019,217000,197500
Mon Jul 22 2019,217500,197000
Sat Jul 20 2019,218000,197000
Fri Jul 19 2019,219500,199000
Thu Jul 18 2019,218000,196000
Wed Jul 17 2019,215500,195000
Tue Jul 16 2019,216500,195500
Mon Jul 15 2019,216000,194500
Sat Jul 13 2019,216500,194500
Fri Jul 12 2019,216000,194500
Thu Jul 11 2019,216500,194500
Wed Jul 10 2019,213500,193000
Tue Jul 09 2019,213000,193000
Mon Jul 08 2019,213000,193000
Sat Jul 06 2019,213500,193000
Fri Jul 05 2019,215000,194000
Thu Jul 04 2019,215000,194000
Wed Jul 03 2019,216500,195000
Tue Jul 02 2019,210500,191000
Mon Jul 01 2019,209000,191000
Sat Jun 29 2019,212500,193000
Fri Jun 28 2019,213500,193500
Thu Jun 27 2019,211000,193000
Wed Jun 26 2019,212500,194000
Tue Jun 25 2019,215000,196000
Mon Jun 24 2019,211000,194500
Sat Jun 22 2019,210500,194000
Fri Jun 21 2019,211000,194000
Thu Jun 20 2019,210000,193500
Wed Jun 19 2019,205500,193000
Tue Jun 18 2019,207000,194000
Mon Jun 17 2019,206500,195000
Sat Jun 15 2019,206500,195500
Fri Jun 14 2019,208000,195500
Thu Jun 13 2019,205500,195000
Wed Jun 12 2019,205000,191000
Tue Jun 11 2019,204000,190000
Mon Jun 10 2019,204500,190000
Sat Jun 08 2019,206000,190000
Fri Jun 07 2019,204500,189500
Wed Jun 05 2019,204500,189500
Tue Jun 04 2019,203500,189000
Mon Jun 03 2019,201500,187500
Sat Jun 01 2019,201500,187500
Fri May 31 2019,199500,186500
Thu May 30 2019,198000,186500
Wed May 29 2019,199000,186500
Tue May 28 2019,197500,187000
Mon May 27 2019,197500,187000
Sat May 25 2019,198000,187000
Fri May 24 2019,198000,187000
Thu May 23 2019,197000,187000
Wed May 22 2019,197500,187000
Tue May 21 2019,197500,186000
Mon May 20 2019,197500,185500
Sat May 18 2019,198500,185500
Fri May 17 2019,198500,185500
Thu May 16 2019,200500,186000
Wed May 15 2019,200500,186000
Tue May 14 2019,200000,185500
Mon May 13 2019,197000,184000
Sat May 11 2019,196500,183500
Fri May 10 2019,196500,183500
Thu May 09 2019,197000,184000
Wed May 08 2019,195500,183500
Tue May 07 2019,195000,183500
Sat May 04 2019,193000,182000
Fri May 03 2019,193000,182000
Thu May 02 2019,192500,182000
Wed May 01 2019,194000,182000
Tue Apr 30 2019,194500,181500
Mon Apr 29 2019,193500,181500
Sat Apr 27 2019,193500,181500
Fri Apr 26 2019,192500,181500
Thu Apr 25 2019,193000,181500
Wed Apr 24 2019,189500,180500
Tue Apr 23 2019,189000,180000
Mon Apr 22 2019,189000,179500
Sat Apr 20 2019,189000,179500
Fri Apr 19 2019,188500,179000
Thu Apr 18 2019,187500,177500
Wed Apr 17 2019,188000,176500
Tue Apr 16 2019,189500,177000
Mon Apr 15 2019,190000,177000
Sat Apr 13 2019,191000,177000
Fri Apr 12 2019,191500,177500
Thu Apr 11 2019,195500,178500
Wed Apr 10 2019,195000,178500
Tue Apr 09 2019,195000,178500
Mon Apr 08 2019,194500,178000
Sat Apr 06 2019,192500,177500
Fri Apr 05 2019,192500,177500
Thu Apr 04 2019,192500,177000
Wed Apr 03 2019,192500,176500
Tue Apr 02 2019,192000,176000
Mon Apr 01 2019,192500,176000
Sat Mar 30 2019,193000,176000
Fri Mar 29 2019,193000,176000
Thu Mar 28 2019,195500,177500
Wed Mar 27 2019,196000,178500
Tue Mar 26 2019,196000,178500
Mon Mar 25 2019,196000,178500
Sat Mar 23 2019,195500,177500
Fri Mar 22 2019,194000,177000
Thu Mar 21 2019,195000,177500
Wed Mar 20 2019,193500,177000
Tue Mar 19 2019,193500,176000
Mon Mar 18 2019,194000,176000
Sat Mar 16 2019,194000,176000
Fri Mar 15 2019,194000,176000
Thu Mar 14 2019,194000,176500
Wed Mar 13 2019,193500,176500
Tue Mar 12 2019,191500,174500
Mon Mar 11 2019,193500,174500
Sat Mar 09 2019,194000,174500
Fri Mar 08 2019,193500,174500
Thu Mar 07 2019,190500,174500
Wed Mar 06 2019,190500,174000
Tue Mar 05 2019,190500,174000
Mon Mar 04 2019,191500,174500
Sat Mar 02 2019,192000,175000
Thu Feb 28 2019,195000,176500
Wed Feb 27 2019,195000,178500
Tue Feb 26 2019,194500,179000
Mon Feb 25 2019,195500,179500
Sat Feb 23 2019,196000,179500
Fri Feb 22 2019,196000,179500
Thu Feb 21 2019,198000,182000
Wed Feb 20 2019,198000,181500
Tue Feb 19 2019,196500,180500
Mon Feb 18 2019,195500,179500
Sat Feb 16 2019,195500,179500
Fri Feb 15 2019,195000,179000
Thu Feb 14 2019,193500,178500
Wed Feb 13 2019,193500,178500
Tue Feb 12 2019,193500,178500
Mon Feb 11 2019,194000,178500
Sat Feb 09 2019,194500,179000
Fri Feb 08 2019,194000,178500
Thu Feb 07 2019,193000,177500
Sat Feb 02 2019,194000,178000
Fri Feb 01 2019,193500,178000
Thu Jan 31 2019,192500,178000
Wed Jan 30 2019,193000,178000
Tue Jan 29 2019,192000,177000
Mon Jan 28 2019,191500,177000
Sat Jan 26 2019,191500,177000
Fri Jan 25 2019,190000,176500
Thu Jan 24 2019,190000,176500
Wed Jan 23 2019,190500,176500
Tue Jan 22 2019,190000,176000
Mon Jan 21 2019,190000,176000
Sat Jan 19 2019,190500,176500
Fri Jan 18 2019,190500,176500
Thu Jan 17 2019,191000,176500
Wed Jan 16 2019,190500,176500
Tue Jan 15 2019,190500,176500
Mon Jan 14 2019,190000,176000
Sat Jan 12 2019,189500,176000
Fri Jan 11 2019,189500,176000
Thu Jan 10 2019,190000,176000
Wed Jan 09 2019,189500,175500
Tue Jan 08 2019,189500,175000
Mon Jan 07 2019,189000,174000
Sat Jan 05 2019,190000,174000
Fri Jan 04 2019,192000,175500
Thu Jan 03 2019,191000,174000
Wed Jan 02 2019,189000,173000
Sat Dec 29 2018,188500,172500
Mon Dec 31 2018,188500,172500
Fri Dec 28 2018,188000,172000
Thu Dec 27 2018,188000,172000
Wed Dec 26 2018,188000,172000
Mon Dec 24 2018,186500,171500
Fri Dec 21 2018,186500,171500
Thu Dec 20 2018,184500,170500
Wed Dec 19 2018,185000,171000
Tue Dec 18 2018,185500,171000
Sat Dec 15 2018,184500,171000
Mon Dec 17 2018,184000,170500
Fri Dec 14 2018,184000,171000
Thu Dec 13 2018,184000,171000
Wed Dec 12 2018,184500,171500
Tue Dec 11 2018,185000,171500
Sat Dec 08 2018,184500,171000
Mon Dec 10 2018,184500,171000
Fri Dec 07 2018,182500,170500
Thu Dec 06 2018,182500,170500
Wed Dec 05 2018,181000,169500
Tue Dec 04 2018,180500,168500
Mon Dec 03 2018,179500,168000
Sat Dec 01 2018,180500,168000
Fri Nov 30 2018,180500,168000
Thu Nov 29 2018,180500,168000
Wed Nov 28 2018,180500,168000
Tue Nov 27 2018,181500,168500
Sun Nov 25 2018,182500,169500
Mon Nov 26 2018,182000,169000
Fri Nov 23 2018,182000,169000
Thu Nov 22 2018,182000,169000
Wed Nov 21 2018,181500,169000
Tue Nov 20 2018,181500,169000
Mon Nov 19 2018,181000,169000
Fri Nov 16 2018,180000,168500
Thu Nov 15 2018,180000,168500
Wed Nov 14 2018,179000,167500
Tue Nov 13 2018,180500,169000
Mon Nov 12 2018,180000,168500
Fri Nov 09 2018,180500,169000
Thu Nov 08 2018,180500,169000
Wed Nov 07 2018,181000,169500
Tue Nov 06 2018,181500,170000
Mon Nov 05 2018,182000,170000
Sat Nov 03 2018,181500,169500
Fri Nov 02 2018,183000,170500
Thu Nov 01 2018,182500,170000
Wed Oct 31 2018,183000,171000
Tue Oct 30 2018,184000,171000
Mon Oct 29 2018,184500,171500
Sat Oct 27 2018,185000,171500
Fri Oct 26 2018,184000,171000
Thu Oct 25 2018,185000,171500
Wed Oct 24 2018,183500,170500
Tue Oct 23 2018,183500,170500
Mon Oct 22 2018,183000,171000
Sat Oct 20 2018,183500,171000
Fri Oct 19 2018,183500,171000
Thu Oct 18 2018,182000,170000
Wed Oct 17 2018,180500,169000
Tue Oct 16 2018,182000,170000
Mon Oct 15 2018,182000,170000
Sat Oct 13 2018,181500,169500
Fri Oct 12 2018,182500,170000
Thu Oct 11 2018,180000,168500
Wed Oct 10 2018,177500,167500
Mon Oct 08 2018,178500,169500
Sat Oct 06 2018,179000,169500
Fri Oct 05 2018,178000,169500
Thu Oct 04 2018,177500,169000
Tue Oct 02 2018,175500,169000
Mon Oct 01 2018,173500,169000
Sat Sep 29 2018,174000,170000
Fri Sep 28 2018,173500,169500
Thu Sep 27 2018,175500,170000
Sat Sep 22 2018,177500,172000
Fri Sep 21 2018,177500,172000
Thu Sep 20 2018,177000,172000
Wed Sep 19 2018,177000,172000
Tue Sep 18 2018,178000,172000
Mon Sep 17 2018,176500,172000
Sat Sep 15 2018,177000,172500
Fri Sep 14 2018,177500,173000
Thu Sep 13 2018,177500,173000
Wed Sep 12 2018,177000,173000
Tue Sep 11 2018,177500,173000
Mon Sep 10 2018,177000,173000
Sat Sep 08 2018,177500,173000
Fri Sep 07 2018,177500,173000
Thu Sep 06 2018,176500,172000
Wed Sep 05 2018,176500,172000
Tue Sep 04 2018,175500,172000
Mon Sep 03 2018,175500,172000
Sat Sep 01 2018,176500,172000
Fri Aug 31 2018,176500,172000
Thu Aug 30 2018,175500,172500
Wed Aug 29 2018,175500,172500
Tue Aug 28 2018,176500,173000
Mon Aug 27 2018,176500,173000
Sat Aug 25 2018,176500,173000
Fri Aug 24 2018,175000,173000
Thu Aug 23 2018,175500,173000
Wed Aug 22 2018,175500,172500
Tue Aug 21 2018,174500,171500
Mon Aug 20 2018,174000,171000
Sat Aug 18 2018,173000,170500
Fri Aug 17 2018,173000,170500
Thu Aug 16 2018,173000,170500
Tue Aug 14 2018,176500,172000
Mon Aug 13 2018,178000,173000
Sat Aug 11 2018,178000,173000
Fri Aug 10 2018,177000,173000
Thu Aug 09 2018,176000,172000
Wed Aug 08 2018,176000,172000
Tue Aug 07 2018,177000,172000
Mon Aug 06 2018,177500,172500
Fri Aug 03 2018,177500,172500
Thu Aug 02 2018,177500,172500
Wed Aug 01 2018,177500,172500
Tue Jul 31 2018,177500,172500
Mon Jul 30 2018,177000,172500
Sat Jul 28 2018,177500,173000
Fri Jul 27 2018,178500,173500
Thu Jul 26 2018,179000,173500
Wed Jul 25 2018,179500,173500
Tue Jul 24 2018,180000,173500
Mon Jul 23 2018,180500,173500
Sat Jul 21 2018,180500,173500
Fri Jul 20 2018,180000,173500
Thu Jul 19 2018,180000,173500
Wed Jul 18 2018,180000,173000
Tue Jul 17 2018,181000,173500
Mon Jul 16 2018,182000,174000
Sat Jul 14 2018,182000,174000
Fri Jul 13 2018,181500,174000
Thu Jul 12 2018,182000,174000
Wed Jul 11 2018,182000,174000
Tue Jul 10 2018,181500,173500
Mon Jul 09 2018,182000,173500
Sat Jul 07 2018,182500,174000
Fri Jul 06 2018,182500,174000
Thu Jul 05 2018,181500,174000
Wed Jul 04 2018,181500,174000
Tue Jul 03 2018,180000,173000
Mon Jul 02 2018,181000,173500
Sat Jun 30 2018,181500,173500
Fri Jun 29 2018,181500,173500
Thu Jun 28 2018,182500,174000
Wed Jun 27 2018,182500,174000
Tue Jun 26 2018,183000,174500
Mon Jun 25 2018,183500,174500
Sat Jun 23 2018,183000,174500
Fri Jun 22 2018,182500,174500
Thu Jun 21 2018,182500,175500
Wed Jun 20 2018,184000,176000
Tue Jun 19 2018,184500,176500
Mon Jun 18 2018,183500,175500
Sat Jun 16 2018,184000,175500
Fri Jun 15 2018,184500,176000
Thu Jun 14 2018,183000,174000
Wed Jun 13 2018,182000,173000
Tue Jun 12 2018,181500,172500
Mon Jun 11 2018,181000,172000
Sat Jun 09 2018,181000,172000
Fri Jun 08 2018,181000,172000
Thu Jun 07 2018,180000,172000
Wed Jun 06 2018,180000,173000
Tue Jun 05 2018,179500,173000
Mon Jun 04 2018,180000,173000
Sat Jun 02 2018,181000,174000
Fri Jun 01 2018,182000,175000
Thu May 31 2018,182500,175500
Wed May 30 2018,182500,175500
Tue May 29 2018,181500,175500
Mon May 28 2018,181000,175500
Sat May 26 2018,183000,176500
Fri May 25 2018,183000,176500
Thu May 24 2018,181500,176000
Wed May 23 2018,182000,176000
Mon May 21 2018,181000,176000
Sat May 19 2018,181500,176000
Fri May 18 2018,180500,176000
Thu May 17 2018,181000,176000
Wed May 16 2018,181000,176000
Tue May 15 2018,182500,176500
Mon May 14 2018,183000,176500
Sat May 12 2018,183000,176500
Fri May 11 2018,183000,176500
Thu May 10 2018,183500,176500
Wed May 09 2018,184000,176500
Tue May 08 2018,184000,176500
Fri May 04 2018,183000,176500
Thu May 03 2018,183000,176000
Wed May 02 2018,182500,176000
Tue May 01 2018,183500,176500
Mon Apr 30 2018,183500,176500
Sat Apr 28 2018,184000,177000
Fri Apr 27 2018,184000,177000
Thu Apr 26 2018,185000,177500
Wed Apr 25 2018,185000,177500
Tue Apr 24 2018,185000,177500
Mon Apr 23 2018,185000,177500
Sat Apr 21 2018,185500,178000
Fri Apr 20 2018,186000,178500
Thu Apr 19 2018,186000,178500
Wed Apr 18 2018,186000,178500
Tue Apr 17 2018,186000,178500
Mon Apr 16 2018,187000,179000
Sat Apr 14 2018,187000,179000
Fri Apr 13 2018,185000,178000
Thu Apr 12 2018,186500,179000
Wed Apr 11 2018,185000,178000
Tue Apr 10 2018,185000,178000
Mon Apr 09 2018,184500,178000
Sat Apr 07 2018,185500,178500
Fri Apr 06 2018,184000,178000
Thu Apr 05 2018,184000,178000
Wed Apr 04 2018,183000,178000
Tue Apr 03 2018,184000,178500
Mon Apr 02 2018,183000,178000
Sat Mar 31 2018,184000,178500
Fri Mar 30 2018,184000,178500
Thu Mar 29 2018,184000,178500
Wed Mar 28 2018,186000,179500
Tue Mar 27 2018,188500,181000
Mon Mar 26 2018,188500,181000
Sat Mar 24 2018,189500,181500
Fri Mar 23 2018,188000,181000
Thu Mar 22 2018,185000,180000
Wed Mar 21 2018,182500,179500
Tue Mar 20 2018,182500,179500
Mon Mar 19 2018,182000,179000
Sat Mar 17 2018,183000,179500
Fri Mar 16 2018,183000,179500
Thu Mar 15 2018,183500,180000
Wed Mar 14 2018,183500,180000
Tue Mar 13 2018,183000,180000
Mon Mar 12 2018,183000,180000
Sat Mar 10 2018,183000,180000
Fri Mar 09 2018,183000,180000
Thu Mar 08 2018,184000,180500
Wed Mar 07 2018,185000,181000
Tue Mar 06 2018,184500,180500
Mon Mar 05 2018,185500,181000
Sat Mar 03 2018,185000,180000
Fri Mar 02 2018,184500,180000
Wed Feb 28 2018,185000,180000
Tue Feb 27 2018,185500,180000
Mon Feb 26 2018,186000,180500
Sat Feb 24 2018,186000,180500
Fri Feb 23 2018,186500,180500
Thu Feb 22 2018,186000,180000
Wed Feb 21 2018,186000,180000
Tue Feb 20 2018,186500,180000
Mon Feb 19 2018,187500,180000
Sat Feb 17 2018,187500,180000
Wed Feb 14 2018,187500,180500
Tue Feb 13 2018,187000,180000
Mon Feb 12 2018,186000,179500
Sat Feb 10 2018,186000,180000
Fri Feb 09 2018,187000,181000
Thu Feb 08 2018,186000,180500
Wed Feb 07 2018,187500,181000
Tue Feb 06 2018,191000,182500
Mon Feb 05 2018,188000,182000
Sat Feb 03 2018,188000,182000
Fri Feb 02 2018,188500,182500
Thu Feb 01 2018,187000,182000
Wed Jan 31 2018,186500,182000
Tue Jan 30 2018,186500,182000
Mon Jan 29 2018,186500,182500
Sat Jan 27 2018,187000,182500
Fri Jan 26 2018,187000,182500
Thu Jan 25 2018,187500,182500
Wed Jan 24 2018,186500,182500
Tue Jan 23 2018,186500,182500
Mon Jan 22 2018,185500,182000
Sat Jan 20 2018,184000,182000
Fri Jan 19 2018,184000,182000
Thu Jan 18 2018,184000,182500
Wed Jan 17 2018,185000,183000
Tue Jan 16 2018,185000,182500
Mon Jan 15 2018,185000,182000
Sat Jan 13 2018,184000,181500
Fri Jan 12 2018,183000,181500
Thu Jan 11 2018,183000,181500
Wed Jan 10 2018,182000,180000
Tue Jan 09 2018,182500,180000
Mon Jan 08 2018,182500,179000
Sat Jan 06 2018,182000,179000
Fri Jan 05 2018,182000,179000
Thu Jan 04 2018,181500,179000
Wed Jan 03 2018,182000,179000
Tue Jan 02 2018,180500,178000
Sat Dec 30 2017,181000,178000
Fri Dec 29 2017,180000,178000
Thu Dec 28 2017,179000,178000
Wed Dec 27 2017,178500,177500
Tue Dec 26 2017,178500,177500
Sat Dec 23 2017,178000,177000
Fri Dec 22 2017,177500,177000
Thu Dec 21 2017,178000,177000
Wed Dec 20 2017,178000,177000
Tue Dec 19 2017,178000,177000
Mon Dec 18 2017,177500,176000
Sat Dec 16 2017,177500,176500
Fri Dec 15 2017,177500,176500
Thu Dec 14 2017,178000,176500
Wed Dec 13 2017,176500,175000
Tue Dec 12 2017,176500,175000
Mon Dec 11 2017,176500,174500
Sat Dec 09 2017,177000,174500
Fri Dec 08 2017,177000,174500
Thu Dec 07 2017,179000,175500
Wed Dec 06 2017,179000,175500
Tue Dec 05 2017,179500,176000
Mon Dec 04 2017,179500,176500
Sat Dec 02 2017,180000,176500
Fri Dec 01 2017,180000,176500
Thu Nov 30 2017,181000,177000
Wed Nov 29 2017,181500,177500
Tue Nov 28 2017,182500,178000
Mon Nov 27 2017,181000,177500
Sat Nov 25 2017,181500,177500
Fri Nov 24 2017,181500,177500
Thu Nov 23 2017,181500,177500
Wed Nov 22 2017,181500,177000
Tue Nov 21 2017,182000,177000
Mon Nov 20 2017,183500,177500
Sat Nov 18 2017,183500,177500
Fri Nov 17 2017,182000,176500
Thu Nov 16 2017,182500,177000
Wed Nov 15 2017,185000,180000
Tue Nov 14 2017,185000,180000
Mon Nov 13 2017,185500,181000
Sat Nov 11 2017,185500,181500
Fri Nov 10 2017,186000,182000
Thu Nov 09 2017,184500,181500
Wed Nov 08 2017,184000,181500
Tue Nov 07 2017,184500,181500
Mon Nov 06 2017,183500,180500
Sat Nov 04 2017,184000,181000
Fri Nov 03 2017,184000,181000
Thu Nov 02 2017,184000,181000
Wed Nov 01 2017,184000,181000
Tue Oct 31 2017,185500,181500
Mon Oct 30 2017,185500,181500
Sat Oct 28 2017,185500,181500
Fri Oct 27 2017,185500,181500
Thu Oct 26 2017,186500,182000
Wed Oct 25 2017,186500,182000
Tue Oct 24 2017,187500,182500
Mon Oct 23 2017,187500,182500
Sat Oct 21 2017,188500,183000
Fri Oct 20 2017,188500,183000
Thu Oct 19 2017,188000,182500
Wed Oct 18 2017,188500,182500
Tue Oct 17 2017,189500,183500
Mon Oct 16 2017,190000,183500
Sat Oct 14 2017,190500,184000
Fri Oct 13 2017,189500,183500
Thu Oct 12 2017,189500,183500
Wed Oct 11 2017,189500,182000
Tue Oct 10 2017,189500,183000
Sat Oct 07 2017,190500,181000
Mon Oct 02 2017,190500,182500
Sat Sep 30 2017,190500,183000
Fri Sep 29 2017,190500,183500
Thu Sep 28 2017,190000,183000
Wed Sep 27 2017,191000,183500
Tue Sep 26 2017,192500,184000
Mon Sep 25 2017,189500,183000
Sat Sep 23 2017,191000,183500
Fri Sep 22 2017,191000,183500
Thu Sep 21 2017,190500,183500
Wed Sep 20 2017,191500,183500
Tue Sep 19 2017,191000,182500
Mon Sep 18 2017,193000,183000
Sat Sep 16 2017,193500,183500
Fri Sep 15 2017,194500,184000
Thu Sep 14 2017,193500,183000
Wed Sep 13 2017,194000,182000
Tue Sep 12 2017,194000,181000
Mon Sep 11 2017,195500,181500
Sat Sep 09 2017,197000,182500
Fri Sep 08 2017,196500,182500
Thu Sep 07 2017,194500,181500
Wed Sep 06 2017,196000,182000
Tue Sep 05 2017,195500,182000
Mon Sep 04 2017,195500,181500
Fri Sep 01 2017,192500,181000
Thu Aug 31 2017,190500,180500
Wed Aug 30 2017,191000,180500
Tue Aug 29 2017,192000,182000
Mon Aug 28 2017,188000,180000
Sat Aug 26 2017,188000,180000
Fri Aug 25 2017,188000,180000
Thu Aug 24 2017,188000,179000
Wed Aug 23 2017,189000,179000
Tue Aug 22 2017,190000,179500
Mon Aug 21 2017,190000,179500
Sat Aug 19 2017,190500,179500
Fri Aug 18 2017,191500,179500
Thu Aug 17 2017,189000,179000
Wed Aug 16 2017,188000,178000
Tue Aug 15 2017,189000,179000
Mon Aug 14 2017,190000,180500
Sat Aug 12 2017,191000,180500
Fri Aug 11 2017,191000,180500
Thu Aug 10 2017,189000,179500
Wed Aug 09 2017,186500,179000
Tue Aug 08 2017,184000,178000
Mon Aug 07 2017,184000,178000
Sat Aug 05 2017,185500,179000
Fri Aug 04 2017,185500,179000
Thu Aug 03 2017,184500,179000
Wed Aug 02 2017,184000,179000
Tue Aug 01 2017,184000,179000
Mon Jul 31 2017,184000,179500
Sat Jul 29 2017,185000,180500
Fri Jul 28 2017,183000,179500
Thu Jul 27 2017,182000,179500
Wed Jul 26 2017,181500,179000
Tue Jul 25 2017,181500,179000
Mon Jul 24 2017,182000,179000
Sat Jul 22 2017,182000,179000
Fri Jul 21 2017,181000,178500
Thu Jul 20 2017,181000,178500
Wed Jul 19 2017,181000,178500
Tue Jul 18 2017,181000,178500
Mon Jul 17 2017,180000,177500
Sat Jul 15 2017,180000,177000
Fri Jul 14 2017,179500,177000
Thu Jul 13 2017,180000,177000
Wed Jul 12 2017,181000,177000
Tue Jul 11 2017,181000,177000
Mon Jul 10 2017,181000,177000
Sat Jul 08 2017,181500,177500
Fri Jul 07 2017,183000,178500
Thu Jul 06 2017,183000,178500
Wed Jul 05 2017,183000,178500
Tue Jul 04 2017,182500,178000
Mon Jul 03 2017,183500,178500
Sat Jul 01 2017,184500,179000
Fri Jun 30 2017,184500,179000
Thu Jun 29 2017,184500,179000
Wed Jun 28 2017,186000,179500
Tue Jun 27 2017,184500,179000
Mon Jun 26 2017,184500,179000
Sat Jun 24 2017,185000,179000
Fri Jun 23 2017,184500,178500
Thu Jun 22 2017,185000,179000
Wed Jun 21 2017,184000,178000
Tue Jun 20 2017,183500,177500
Mon Jun 19 2017,184000,178000
Sat Jun 17 2017,184500,178000
Fri Jun 16 2017,184500,178000
Thu Jun 15 2017,184000,177000
Wed Jun 14 2017,185000,178500
Tue Jun 13 2017,185000,178500
Mon Jun 12 2017,185000,178500
Sat Jun 10 2017,185000,178500
Fri Jun 09 2017,186000,179500
Thu Jun 08 2017,187000,180000
Wed Jun 07 2017,187500,179500
Mon Jun 05 2017,185500,179500
Sat Jun 03 2017,186000,180500
Fri Jun 02 2017,183500,179500
Thu Jun 01 2017,184500,180000
Wed May 31 2017,183500,179500
Tue May 30 2017,185000,180000
Mon May 29 2017,184000,179500
Sat May 27 2017,184000,179500
Fri May 26 2017,182000,179000
Thu May 25 2017,182500,179000
Wed May 24 2017,183000,179000
Tue May 23 2017,184000,179500
Mon May 22 2017,182500,178500
Sat May 20 2017,182500,178500
Fri May 19 2017,183000,178500
Thu May 18 2017,184000,179000
Wed May 17 2017,181000,177500
Tue May 16 2017,179500,176000
Mon May 15 2017,180000,176000
Sat May 13 2017,180000,176000
Fri May 12 2017,180000,176000
Thu May 11 2017,179000,175500
Wed May 10 2017,180000,175500
Tue May 09 2017,181000,175500
Mon May 08 2017,181500,176000
Sat May 06 2017,182000,176500
Thu May 04 2017,183000,177000
Tue May 02 2017,185000,178000
Mon May 01 2017,187000,178500
Sat Apr 29 2017,187000,178500
Fri Apr 28 2017,186000,177500
Thu Apr 27 2017,185500,177000
Wed Apr 26 2017,185500,177000
Tue Apr 25 2017,187500,179000
Mon Apr 24 2017,187000,179000
Sat Apr 22 2017,189000,180500
Fri Apr 21 2017,188500,180000
Thu Apr 20 2017,188500,180000
Wed Apr 19 2017,189500,181000
Tue Apr 18 2017,189000,181000
Mon Apr 17 2017,190000,181500
Sat Apr 15 2017,190000,181500
Fri Apr 14 2017,190000,181500
Thu Apr 13 2017,189000,181500
Wed Apr 12 2017,189500,181500
Tue Apr 11 2017,186500,181000
Mon Apr 10 2017,184500,180500
Sat Apr 08 2017,185000,181000
Fri Apr 07 2017,187500,181000
Thu Apr 06 2017,184000,180000
Wed Apr 05 2017,182500,179500
Tue Apr 04 2017,183000,179500
Mon Apr 03 2017,180000,179000
Sat Apr 01 2017,181000,179000
Fri Mar 31 2017,180000,179000
Thu Mar 30 2017,180500,179000
Wed Mar 29 2017,180000,179000
Tue Mar 28 2017,181000,179500
Mon Mar 27 2017,181000,179500
Sat Mar 25 2017,180500,179500
Fri Mar 24 2017,181000,179500
Thu Mar 23 2017,180500,179500
Wed Mar 22 2017,181000,180000
Tue Mar 21 2017,179000,179500
Mon Mar 20 2017,180000,179500
Sat Mar 18 2017,180000,179000
Fri Mar 17 2017,179500,178500
Thu Mar 16 2017,179500,178500
Wed Mar 15 2017,179000,178500
Tue Mar 14 2017,179000,178500
Mon Mar 13 2017,179500,178500
Sat Mar 11 2017,180000,178500
Fri Mar 10 2017,180000,178500
Thu Mar 09 2017,180500,179000
Wed Mar 08 2017,181000,179000
Tue Mar 07 2017,183500,180500
Mon Mar 06 2017,185000,181000
Sat Mar 04 2017,184000,181000
Fri Mar 03 2017,184000,181000
Thu Mar 02 2017,184000,181000
Tue Feb 28 2017,184000,181000
Mon Feb 27 2017,184000,180500
Sat Feb 25 2017,184000,180500
Fri Feb 24 2017,183000,180500
Thu Feb 23 2017,182500,180000
Wed Feb 22 2017,182500,179500
Tue Feb 21 2017,183500,179500
Mon Feb 20 2017,183500,179500
Sat Feb 18 2017,184000,179500
Fri Feb 17 2017,183500,179500
Thu Feb 16 2017,182000,179000
Wed Feb 15 2017,181500,179000
Tue Feb 14 2017,182000,179500
Mon Feb 13 2017,183500,179500
Sat Feb 11 2017,183500,179500
Fri Feb 10 2017,183000,179500
Thu Feb 09 2017,184000,179500
Wed Feb 08 2017,182500,179000
Tue Feb 07 2017,182000,178500
Mon Feb 06 2017,180500,178000
Sat Feb 04 2017,180000,177500
Fri Feb 03 2017,180000,177500
Thu Feb 02 2017,181000,177500
Wed Feb 01 2017,181000,175500
Tue Jan 31 2017,181000,175500
Thu Jan 26 2017,181000,175500
Wed Jan 25 2017,182500,176500
Tue Jan 24 2017,183500,178500
Mon Jan 23 2017,183500,178500
Sat Jan 21 2017,184500,178500
Fri Jan 20 2017,183500,178000
Thu Jan 19 2017,183500,177500
Wed Jan 18 2017,183500,177000
Tue Jan 17 2017,185000,176500
Mon Jan 16 2017,184500,175000
Sat Jan 14 2017,183000,173500
Fri Jan 13 2017,183000,173500
Thu Jan 12 2017,183500,173500
Wed Jan 11 2017,185000,174500
Tue Jan 10 2017,184000,174000
Mon Jan 09 2017,183500,173000
Sat Jan 07 2017,183000,173000
Fri Jan 06 2017,182000,172500
Thu Jan 05 2017,182000,172500
Wed Jan 04 2017,182000,172500
Tue Jan 03 2017,182000,172500
Mon Jan 02 2017,181500,172000
Sat Dec 31 2016,181500,173000
Fri Dec 30 2016,183000,174000
Thu Dec 29 2016,181000,173000
Wed Dec 28 2016,180500,172500
Tue Dec 27 2016,181000,172500
Mon Dec 26 2016,178500,172000
Sat Dec 24 2016,178500,172000
Fri Dec 23 2016,178500,172000
Thu Dec 22 2016,177500,171000
Wed Dec 21 2016,178000,171000
Tue Dec 20 2016,177500,170500
Mon Dec 19 2016,176500,170000
Sat Dec 17 2016,176500,170000
Fri Dec 16 2016,175500,169500
Thu Dec 15 2016,177000,170000
Wed Dec 14 2016,177000,170000
Tue Dec 13 2016,177000,170000
Mon Dec 12 2016,177500,170500
Sat Dec 10 2016,178000,171000
Fri Dec 09 2016,178500,171000
Thu Dec 08 2016,179000,171500
Wed Dec 07 2016,179500,172000
Tue Dec 06 2016,179000,171000
Mon Dec 05 2016,180500,171500
Sat Dec 03 2016,179500,171000
Fri Dec 02 2016,179500,170500
Thu Dec 01 2016,179500,171000
Wed Nov 30 2016,180500,171000
Tue Nov 29 2016,181500,171500
Mon Nov 28 2016,181500,171500
Sat Nov 26 2016,181500,171500
Fri Nov 25 2016,181500,171500
Thu Nov 24 2016,183500,173500
Wed Nov 23 2016,185500,175000
Tue Nov 22 2016,186500,175500
Mon Nov 21 2016,186500,175500
Sat Nov 19 2016,187500,175500
Fri Nov 18 2016,187500,175500
Thu Nov 17 2016,187500,175500
Wed Nov 16 2016,187500,175500
Tue Nov 15 2016,187500,175500
Mon Nov 14 2016,186000,174500
Sat Nov 12 2016,187000,175500
Thu Nov 10 2016,190000,179000
Wed Nov 09 2016,190500,179000
Tue Nov 08 2016,189000,176000
Mon Nov 07 2016,190500,177000
Sat Nov 05 2016,192500,178500
Fri Nov 04 2016,192500,178500
Thu Nov 03 2016,191500,178000
Wed Nov 02 2016,191500,178000
Tue Nov 01 2016,189000,176000
Mon Oct 31 2016,189500,176000
Sat Oct 29 2016,189000,176000
Fri Oct 28 2016,187500,175000
Thu Oct 27 2016,186000,175000
Wed Oct 26 2016,186000,175000
Tue Oct 25 2016,185500,175000
Mon Oct 24 2016,185500,175000
Sat Oct 22 2016,186000,175000
Fri Oct 21 2016,185500,175000
Thu Oct 20 2016,185500,175000
Wed Oct 19 2016,183500,174500
Tue Oct 18 2016,184000,174500
Mon Oct 17 2016,184500,175000
Sat Oct 15 2016,184000,174500
Fri Oct 14 2016,184000,174500
Thu Oct 13 2016,184500,174500
Wed Oct 12 2016,182000,173000
Tue Oct 11 2016,182500,173000
Mon Oct 10 2016,181500,173000
Sat Oct 08 2016,181500,173000
Fri Oct 07 2016,181500,172000
Thu Oct 06 2016,182000,172000
Wed Oct 05 2016,183500,173000
Tue Oct 04 2016,187000,175000
Sat Oct 01 2016,188000,176000
Fri Sep 30 2016,189000,177000
Thu Sep 29 2016,187500,175500
Wed Sep 28 2016,188000,176000
Tue Sep 27 2016,190500,178500
Mon Sep 26 2016,191000,179000
Sat Sep 24 2016,190500,178500
Fri Sep 23 2016,190500,178500
Thu Sep 22 2016,190000,178000
Wed Sep 21 2016,189500,178500
Tue Sep 20 2016,190500,178000
Mon Sep 19 2016,191000,178500
Tue Sep 13 2016,191000,179000
Mon Sep 12 2016,191000,179000
Sat Sep 10 2016,190500,178500
Fri Sep 09 2016,190500,178500
Thu Sep 08 2016,190000,178000
Wed Sep 07 2016,191000,179000
Tue Sep 06 2016,189500,177500
Mon Sep 05 2016,190000,178000
Sat Sep 03 2016,191000,179000
Fri Sep 02 2016,190000,178000
Thu Sep 01 2016,189000,177000
Wed Aug 31 2016,189500,177500
Tue Aug 30 2016,191000,179000
Mon Aug 29 2016,191500,179000
Sat Aug 27 2016,192000,179500
Fri Aug 26 2016,190500,178000
Thu Aug 25 2016,192000,179500
Wed Aug 24 2016,194000,181500
Tue Aug 23 2016,193500,181000
Mon Aug 22 2016,194000,181500
Sat Aug 20 2016,194000,181500
Fri Aug 19 2016,194500,182000
Thu Aug 18 2016,193500,181000
Wed Aug 17 2016,192500,179500
Tue Aug 16 2016,191000,178500
Sat Aug 13 2016,191000,178500
Fri Aug 12 2016,191000,178500
Thu Aug 11 2016,191000,178500
Wed Aug 10 2016,192000,179000
Tue Aug 09 2016,192000,179000
Mon Aug 08 2016,192000,179000
Sat Aug 06 2016,193500,180500
Fri Aug 05 2016,196000,183000
Thu Aug 04 2016,195500,182500
Wed Aug 03 2016,197500,183000
Tue Aug 02 2016,194500,181000
Mon Aug 01 2016,194500,181000
Sat Jul 30 2016,194500,181500
Fri Jul 29 2016,194500,182000
Thu Jul 28 2016,195000,182500
Wed Jul 27 2016,193500,181000
Tue Jul 26 2016,194500,181000
Mon Jul 25 2016,194000,181000
Sat Jul 23 2016,194500,182000
Fri Jul 22 2016,195500,182000
Thu Jul 21 2016,193500,181500
Wed Jul 20 2016,197000,183500
Tue Jul 19 2016,196000,182500
Mon Jul 18 2016,195000,181000
Sat Jul 16 2016,197000,182000
Fri Jul 15 2016,195000,181000
Thu Jul 14 2016,199000,183000
Wed Jul 13 2016,198000,183000
Tue Jul 12 2016,201000,184000
Mon Jul 11 2016,203000,185500
Sat Jul 09 2016,203000,185500
Fri Jul 08 2016,203000,185500
Thu Jul 07 2016,204500,187000
Wed Jul 06 2016,205500,188000
Tue Jul 05 2016,200500,183500
Mon Jul 04 2016,200500,183500
Sat Jul 02 2016,199000,182000
Fri Jul 01 2016,198000,181500
Thu Jun 30 2016,197500,181000
Wed Jun 29 2016,199500,182500
Tue Jun 28 2016,201500,183500
Mon Jun 27 2016,205000,183000
Sat Jun 25 2016,202000,183000
Fri Jun 24 2016,207000,182000
Thu Jun 23 2016,189000,175000
Wed Jun 22 2016,190500,176000
Tue Jun 21 2016,192500,178000
Mon Jun 20 2016,194500,180000
Sat Jun 18 2016,197000,181000
Fri Jun 17 2016,195000,179000
Thu Jun 16 2016,198000,182000
Wed Jun 15 2016,195500,181000
Tue Jun 14 2016,194500,180000
Mon Jun 13 2016,193000,178500
Sat Jun 11 2016,193000,178500
Fri Jun 10 2016,191000,177500
Thu Jun 09 2016,189500,177000
Wed Jun 08 2016,186500,173000
Tue Jun 07 2016,187500,174000
Sat Jun 04 2016,188000,174000
Fri Jun 03 2016,186000,173000
Thu Jun 02 2016,186500,173500
Wed Jun 01 2016,187500,174500
Tue May 31 2016,186000,173000
Mon May 30 2016,185000,172000
Sat May 28 2016,186000,173000
Fri May 27 2016,186000,173000
Thu May 26 2016,187500,174000
Wed May 25 2016,189000,175000
Tue May 24 2016,191000,176000
Mon May 23 2016,192000,176500
Fri May 20 2016,192500,177000
Thu May 19 2016,193500,178000
Wed May 18 2016,194500,179000
Tue May 17 2016,193500,178500
Mon May 16 2016,193500,178500
Sat May 14 2016,193500,178000
Fri May 13 2016,192500,177500
Thu May 12 2016,192000,177000
Wed May 11 2016,191000,176000
Tue May 10 2016,191000,176000
Mon May 09 2016,193500,177500
Fri May 06 2016,192500,177000
Wed May 04 2016,191500,176500
Tue May 03 2016,191000,176500
Mon May 02 2016,191000,177500
Sat Apr 30 2016,190500,176500
Fri Apr 29 2016,188500,174500
Thu Apr 28 2016,184500,173000
Wed Apr 27 2016,184000,172500
Tue Apr 26 2016,184000,172500
Mon Apr 25 2016,183500,172000
Sat Apr 23 2016,183500,172000
Fri Apr 22 2016,184500,173000
Thu Apr 21 2016,183500,172000
Wed Apr 20 2016,183500,171500
Tue Apr 19 2016,182500,170500
Mon Apr 18 2016,184500,172500
Sat Apr 16 2016,183500,172000
Fri Apr 15 2016,183000,171500
Thu Apr 14 2016,184000,172500
Wed Apr 13 2016,186500,174500
Tue Apr 12 2016,186500,174500
Mon Apr 11 2016,186000,174000
Sat Apr 09 2016,185500,173500
Fri Apr 08 2016,185500,174000
Thu Apr 07 2016,183000,171500
Wed Apr 06 2016,184000,172500
Tue Apr 05 2016,183000,171500
Mon Apr 04 2016,181500,170000
Sat Apr 02 2016,182500,171000
Fri Apr 01 2016,182500,171000
Thu Mar 31 2016,182000,170500
Wed Mar 30 2016,185000,173500
Tue Mar 29 2016,184000,172500
Mon Mar 28 2016,184000,172500
Sat Mar 26 2016,185500,174000
Fri Mar 25 2016,184500,172500
Thu Mar 24 2016,184500,172500
Wed Mar 23 2016,186000,174000
Tue Mar 22 2016,187500,175500
Mon Mar 21 2016,189000,177000
Sat Mar 19 2016,190000,177500
Fri Mar 18 2016,190000,177500
Thu Mar 17 2016,191500,178500
Wed Mar 16 2016,190000,177000
Tue Mar 15 2016,190000,177500
Mon Mar 14 2016,193000,179500
Sat Mar 12 2016,193000,179500
Fri Mar 11 2016,196500,181500
Thu Mar 10 2016,195500,180500
Wed Mar 09 2016,198500,181500
Tue Mar 08 2016,197500,179500
Mon Mar 07 2016,196500,178500
Sat Mar 05 2016,196500,178500
Fri Mar 04 2016,197000,178000
Thu Mar 03 2016,197500,177500
Wed Mar 02 2016,196500,176500
Mon Feb 29 2016,196500,177500
Sat Feb 27 2016,197000,178000
Fri Feb 26 2016,197500,178000
Thu Feb 25 2016,196000,178500
Wed Feb 24 2016,196000,178500
Tue Feb 23 2016,194000,176500
Mon Feb 22 2016,196500,179000
Sat Feb 20 2016,197000,179500
Fri Feb 19 2016,197000,179500
Thu Feb 18 2016,191500,177000
Wed Feb 17 2016,191500,177000
Tue Feb 16 2016,189500,174500
Mon Feb 15 2016,193000,179000
Sat Feb 13 2016,195000,181000
Fri Feb 12 2016,193000,179000
Thu Feb 11 2016,188500,174500
Sat Feb 06 2016,182500,169500
Fri Feb 05 2016,180000,167500
Thu Feb 04 2016,179500,167000
Wed Feb 03 2016,178500,166000
Tue Feb 02 2016,177000,164500
Mon Feb 01 2016,176500,164000
Sat Jan 30 2016,176500,164000
Fri Jan 29 2016,175500,163500
Thu Jan 28 2016,177000,164000
Wed Jan 27 2016,175000,162000
Tue Jan 26 2016,174000,161000
Mon Jan 25 2016,171500,158500
Sat Jan 23 2016,171500,158500
Fri Jan 22 2016,172500,159500
Thu Jan 21 2016,174500,161500
Wed Jan 20 2016,173500,160500
Tue Jan 19 2016,172000,159000
Mon Jan 18 2016,173000,160000
Sat Jan 16 2016,173000,160000
Fri Jan 15 2016,171000,158000
Thu Jan 14 2016,173000,160000
Wed Jan 13 2016,171000,158000
Tue Jan 12 2016,172000,159000
Mon Jan 11 2016,174500,161500
Sat Jan 09 2016,174000,161000
Fri Jan 08 2016,173000,160000
Thu Jan 07 2016,172000,159500
Wed Jan 06 2016,169500,157000
Tue Jan 05 2016,167500,155000
Mon Jan 04 2016,164000,152000
Sat Jan 02 2016,163500,151500
Thu Dec 31 2015,163500,151500
Wed Dec 30 2015,163000,151000
Tue Dec 29 2015,163000,151000
Mon Dec 28 2015,164000,152000
Sat Dec 26 2015,165000,153000
Thu Dec 24 2015,164000,152000
Wed Dec 23 2015,165000,153000
Tue Dec 22 2015,165500,153500
Mon Dec 21 2015,164500,152500
Sat Dec 19 2015,164500,152500
Fri Dec 18 2015,163000,151000
Thu Dec 17 2015,164500,152500
Wed Dec 16 2015,163500,151500
Tue Dec 15 2015,164000,152000
Mon Dec 14 2015,166500,154500
Sat Dec 12 2015,167000,155000
Fri Dec 11 2015,164500,152500
Thu Dec 10 2015,164500,152500
Wed Dec 09 2015,165500,153500
Tue Dec 08 2015,164500,152500
Mon Dec 07 2015,165000,153000
Sat Dec 05 2015,166000,154000
Fri Dec 04 2015,160500,149000
Thu Dec 03 2015,160500,149000
Wed Dec 02 2015,161500,150000
Tue Dec 01 2015,162000,150500
Mon Nov 30 2015,160000,148500
Sat Nov 28 2015,160500,149000
Fri Nov 27 2015,161000,149500
Thu Nov 26 2015,160500,149000
Wed Nov 25 2015,161000,149500
Tue Nov 24 2015,162000,150500
Mon Nov 23 2015,162000,150500
Sat Nov 21 2015,163000,151500
Fri Nov 20 2015,163000,151500
Thu Nov 19 2015,163500,152000
Wed Nov 18 2015,163500,152000
Tue Nov 17 2015,165500,154000
Mon Nov 16 2015,168000,156500
Sat Nov 14 2015,165500,154000
Fri Nov 13 2015,164000,152500
Thu Nov 12 2015,164500,153000
Wed Nov 11 2015,165000,153500
Tue Nov 10 2015,165000,153500
Mon Nov 09 2015,165000,153500
Sat Nov 07 2015,165000,153500
Fri Nov 06 2015,165500,154000
Thu Nov 05 2015,165000,153500
Wed Nov 04 2015,165000,154000
Tue Nov 03 2015,167000,156000
Mon Nov 02 2015,168500,157500
Sat Oct 31 2015,169500,158500
Fri Oct 30 2015,169500,158500
Thu Oct 29 2015,171500,160500
Wed Oct 28 2015,171500,160500
Tue Oct 27 2015,171500,160500
Mon Oct 26 2015,171500,160500
Sat Oct 24 2015,171500,160500
Fri Oct 23 2015,171500,160500
Thu Oct 22 2015,172000,161000
Wed Oct 21 2015,173000,162000
Tue Oct 20 2015,172000,161000
Mon Oct 19 2015,171500,160500
Sat Oct 17 2015,173000,162000
Fri Oct 16 2015,173000,162000
Thu Oct 15 2015,175000,164000
Wed Oct 14 2015,175000,164000
Tue Oct 13 2015,173000,161500
Mon Oct 12 2015,173000,161500
Sat Oct 10 2015,173000,161500
Thu Oct 08 2015,172500,160500
Wed Oct 07 2015,174500,162500
Tue Oct 06 2015,173500,161500
Mon Oct 05 2015,173500,161500
Sat Oct 03 2015,174000,162000
Fri Oct 02 2015,171000,158500
Thu Oct 01 2015,173000,160500
Wed Sep 30 2015,176500,164000
Tue Sep 29 2015,178000,165500
Fri Sep 25 2015,178000,166500
Thu Sep 24 2015,175500,164000
Wed Sep 23 2015,173000,161500
Tue Sep 22 2015,173500,162000
Mon Sep 21 2015,174000,162500
Sat Sep 19 2015,174000,162500
Fri Sep 18 2015,171500,160000
Thu Sep 17 2015,170500,159000
Wed Sep 16 2015,169000,157500
Tue Sep 15 2015,170000,158500
Mon Sep 14 2015,170000,158500
Fri Sep 11 2015,171000,158500
Thu Sep 10 2015,173000,160500
Wed Sep 09 2015,174500,162000
Tue Sep 08 2015,175500,163000
Mon Sep 07 2015,175500,163000
Sat Sep 05 2015,175500,163000
Fri Sep 04 2015,174500,161500
Thu Sep 03 2015,175000,162000
Wed Sep 02 2015,174000,161000
Tue Sep 01 2015,174500,161500
Mon Aug 31 2015,174500,161500
Sat Aug 29 2015,174500,161500
Fri Aug 28 2015,173000,160000
Thu Aug 27 2015,174000,161000
Wed Aug 26 2015,177000,164000
Tue Aug 25 2015,180000,167000
Mon Aug 24 2015,181500,168500
Sat Aug 22 2015,181500,168500
Fri Aug 21 2015,181000,167500
Thu Aug 20 2015,176000,163000
Wed Aug 19 2015,173500,160000
Tue Aug 18 2015,174000,161000
Mon Aug 17 2015,173000,160000
Fri Aug 14 2015,173000,160000
Thu Aug 13 2015,173000,160000
Wed Aug 12 2015,174000,161000
Tue Aug 11 2015,168000,156000
Mon Aug 10 2015,167000,155000
Sat Aug 08 2015,167500,156000
Fri Aug 07 2015,166500,155000
Thu Aug 06 2015,167000,155000
Wed Aug 05 2015,167000,155000
Tue Aug 04 2015,168000,155000
Mon Aug 03 2015,168000,156000
Sat Aug 01 2015,168000,156000
Fri Jul 31 2015,167000,155000
Thu Jul 30 2015,167500,156000
Wed Jul 29 2015,166500,155000
Tue Jul 28 2015,167500,156000
Mon Jul 27 2015,168000,156000
Sat Jul 25 2015,169000,157000
Fri Jul 24 2015,166000,154000
Thu Jul 23 2015,166500,155000
Wed Jul 22 2015,166500,155000
Tue Jul 21 2015,168000,156000
Mon Jul 20 2015,169500,158000
Sat Jul 18 2015,170500,159000
Fri Jul 17 2015,170500,159000
Thu Jul 16 2015,171500,160000
Wed Jul 15 2015,171500,160000
Tue Jul 14 2015,171500,160000
Mon Jul 13 2015,171000,160000
Sat Jul 11 2015,171500,160000
Fri Jul 10 2015,171000,160000
Thu Jul 09 2015,171500,160000
Wed Jul 08 2015,170500,159000
Tue Jul 07 2015,172000,161000
Mon Jul 06 2015,172000,161000
Sat Jul 04 2015,171000,160000
Fri Jul 03 2015,170000,159000
Thu Jul 02 2015,171000,160000
Wed Jul 01 2015,171000,161000
Tue Jun 30 2015,172000,161000
Mon Jun 29 2015,174000,162000
Sat Jun 27 2015,172000,161000
Fri Jun 26 2015,170500,160000
Thu Jun 25 2015,170000,160000
Wed Jun 24 2015,170000,160000
Tue Jun 23 2015,170500,160000
Mon Jun 22 2015,172000,161000
Sat Jun 20 2015,173000,161000
Fri Jun 19 2015,172500,161000
Thu Jun 18 2015,171500,160000
Wed Jun 17 2015,172000,161000
Tue Jun 16 2015,172500,162000
Mon Jun 15 2015,171500,160000
Sat Jun 13 2015,171500,160000
Fri Jun 12 2015,171000,160000
Thu Jun 11 2015,172000,161000
Wed Jun 10 2015,172000,161000
Tue Jun 09 2015,171000,160000
Mon Jun 08 2015,171500,161000
Sat Jun 06 2015,172000,162000
Fri Jun 05 2015,170500,161000
Thu Jun 04 2015,171000,161000
Wed Jun 03 2015,172000,162000
Tue Jun 02 2015,172500,162000
Mon Jun 01 2015,172500,162000
Sat May 30 2015,173000,162000
Fri May 29 2015,171000,161000
Thu May 28 2015,171000,161000
Wed May 27 2015,171000,161000
Tue May 26 2015,173000,162000
Sat May 23 2015,172500,162000
Fri May 22 2015,172500,162000
Thu May 21 2015,173000,162000
Wed May 20 2015,173000,162000
Tue May 19 2015,174500,163000
Mon May 18 2015,173000,163000
Sat May 16 2015,174000,162000
Fri May 15 2015,174000,163000
Thu May 14 2015,173000,162000
Wed May 13 2015,171000,160000
Tue May 12 2015,169500,160000
Mon May 11 2015,169000,160000
Sat May 09 2015,169500,160000
Fri May 08 2015,169000,160000
Thu May 07 2015,168500,160000
Wed May 06 2015,169000,160000
Tue May 05 2015,168500,160000
Mon May 04 2015,167000,160000
Sat May 02 2015,167500,160000
Fri May 01 2015,168000,160000
Thu Apr 30 2015,168500,160000
Wed Apr 29 2015,169000,160000
Tue Apr 28 2015,168000,160000
Mon Apr 27 2015,166000,159000
Sat Apr 25 2015,166500,157000
Fri Apr 24 2015,168500,159000
Thu Apr 23 2015,168000,159000
Wed Apr 22 2015,170000,161000
Tue Apr 21 2015,169000,160000
Mon Apr 20 2015,170500,161000
Sat Apr 18 2015,170500,161000
Fri Apr 17 2015,170000,161000
Thu Apr 16 2015,171500,162000
Wed Apr 15 2015,171000,162000
Tue Apr 14 2015,171500,162000
Mon Apr 13 2015,172500,163000
Sat Apr 11 2015,172500,163000
Fri Apr 10 2015,171000,162000
Thu Apr 09 2015,171500,162000
Wed Apr 08 2015,173000,163000
Tue Apr 07 2015,172500,163000
Mon Apr 06 2015,173000,163000
Sat Apr 04 2015,172000,162000
Fri Apr 03 2015,171500,162000
Thu Apr 02 2015,172500,163000
Wed Apr 01 2015,171000,162000
Tue Mar 31 2015,171500,162000
Mon Mar 30 2015,172500,163000
Sat Mar 28 2015,173500,163000
Fri Mar 27 2015,173500,163000
Thu Mar 26 2015,176500,164000
Wed Mar 25 2015,171500,163000
Tue Mar 24 2015,171500,163000
Mon Mar 23 2015,172500,163000
Fri Mar 20 2015,171500,163000
Thu Mar 19 2015,170500,162000
Wed Mar 18 2015,169500,162000
Tue Mar 17 2015,170500,162000
Mon Mar 16 2015,171000,163000
Sat Mar 14 2015,173000,164000
Fri Mar 13 2015,170000,163000
Thu Mar 12 2015,170500,163000
Wed Mar 11 2015,171000,163000
Tue Mar 10 2015,170000,156000
Mon Mar 09 2015,169500,162000
Sat Mar 07 2015,171000,163000
Fri Mar 06 2015,172500,166000
Thu Mar 05 2015,172500,166000
Wed Mar 04 2015,172000,166000
Tue Mar 03 2015,174000,169000
Mon Mar 02 2015,175000,170000
Sat Feb 28 2015,174500,170000
Fri Feb 27 2015,174500,170000
Thu Feb 26 2015,173500,170000
Wed Feb 25 2015,174000,170000
Tue Feb 24 2015,174000,170000
Mon Feb 23 2015,174500,170000
Tue Feb 17 2015,177000,171000
Mon Feb 16 2015,175500,171000
Sat Feb 14 2015,176000,171000
Fri Feb 13 2015,175500,171000
Thu Feb 12 2015,176000,171000
Wed Feb 11 2015,176500,171000
Tue Feb 10 2015,176500,171000
Mon Feb 09 2015,177000,171000
Sat Feb 07 2015,178000,171000
Fri Feb 06 2015,179000,173000
Thu Feb 05 2015,180500,173000
Wed Feb 04 2015,179000,164500
Tue Feb 03 2015,182000,174000
Mon Feb 02 2015,184000,174000
Sat Jan 31 2015,185000,173000
Fri Jan 30 2015,180000,173000
Thu Jan 29 2015,181500,173000
Wed Jan 28 2015,182000,174000
Tue Jan 27 2015,180000,174000
Mon Jan 26 2015,182000,175000
Sat Jan 24 2015,182000,174000
Fri Jan 23 2015,183500,174000
Thu Jan 22 2015,183000,175000
Wed Jan 21 2015,183500,174000
Tue Jan 20 2015,181000,171000
Mon Jan 19 2015,180000,169000
Sat Jan 17 2015,181000,168500
Fri Jan 16 2015,177000,168500
Thu Jan 15 2015,173500,166000
Wed Jan 14 2015,173000,166000
Tue Jan 13 2015,174000,166000
Mon Jan 12 2015,173000,166000
Sat Jan 10 2015,173500,166000
Fri Jan 09 2015,172500,166000
Thu Jan 08 2015,174000,167000
Wed Jan 07 2015,174500,166000
Tue Jan 06 2015,174000,165000
Mon Jan 05 2015,172000,165000
Sat Jan 03 2015,172500,165000
Fri Jan 02 2015,171000,165000
Wed Dec 31 2014,172000,165000
Tue Dec 30 2014,170000,165000
Mon Dec 29 2014,171500,166000
Sat Dec 27 2014,171500,166000
Fri Dec 26 2014,170000,165500
Wed Dec 24 2014,170000,165000
Tue Dec 23 2014,169000,165000
Mon Dec 22 2014,171500,165000
Sat Dec 20 2014,172000,165000
Fri Dec 19 2014,172000,165000
Thu Dec 18 2014,171000,165000
Wed Dec 17 2014,171000,164000
Tue Dec 16 2014,170000,163000
Mon Dec 15 2014,175000,165000
Sat Dec 13 2014,176000,165500
Fri Dec 12 2014,175500,165500
Thu Dec 11 2014,176000,165000
Wed Dec 10 2014,177000,165000
Tue Dec 09 2014,174000,163000
Mon Dec 08 2014,174000,164000
Sat Dec 06 2014,174500,164000
Fri Dec 05 2014,174500,163000
Thu Dec 04 2014,174000,164000
Wed Dec 03 2014,174000,163000
Tue Dec 02 2014,174000,163000
Mon Dec 01 2014,168000,158000
Fri Nov 28 2014,171000,161000
Thu Nov 27 2014,170500,162000
Wed Nov 26 2014,173000,164000
Tue Nov 25 2014,174000,163500
Mon Nov 24 2014,174000,163500
Sat Nov 22 2014,174000,163500
Fri Nov 21 2014,172500,162500
Thu Nov 20 2014,171000,162000
Wed Nov 19 2014,172000,161000
Tue Nov 18 2014,170000,160000
Mon Nov 17 2014,170500,160000
Sat Nov 15 2014,171000,159000
Fri Nov 14 2014,166500,157000
Thu Nov 13 2014,166000,157000
Wed Nov 12 2014,167000,156000
Tue Nov 11 2014,164000,156000
Mon Nov 10 2014,166000,156000
Sat Nov 08 2014,167000,157000
Fri Nov 07 2014,162500,154500
Thu Nov 06 2014,162500,155000
Wed Nov 05 2014,163000,155000
Tue Nov 04 2014,164500,158000
Mon Nov 03 2014,164000,158000
Sat Nov 01 2014,165500,159000
Fri Oct 31 2014,165500,159000
Thu Oct 30 2014,167000,161000
Wed Oct 29 2014,167500,161000
Tue Oct 28 2014,168000,161000
Sat Oct 25 2014,170000,163000
Sun Oct 26 2014,170000,163000
Mon Oct 27 2014,169000,162000
Fri Oct 24 2014,170000,163000
Thu Oct 23 2014,170500,164000
Wed Oct 22 2014,171500,163000
Tue Oct 21 2014,171500,164000
Mon Oct 20 2014,171000,164000
Sun Oct 19 2014,171500,164000
Sat Oct 18 2014,171500,164000
Fri Oct 17 2014,171500,164000
Thu Oct 16 2014,171500,164000
Wed Oct 15 2014,171000,164000
Tue Oct 14 2014,171500,164000
Mon Oct 13 2014,172000,164000
Sun Oct 12 2014,171000,163500
Sat Oct 11 2014,171000,163500
Fri Oct 10 2014,171000,164000
Thu Oct 09 2014,171000,165500
Wed Oct 08 2014,170000,164000
Tue Oct 07 2014,167500,163000
Mon Oct 06 2014,165500,163000
Sun Oct 05 2014,166500,163500
Sat Oct 04 2014,166500,163500
Fri Oct 03 2014,167500,164500
Thu Oct 02 2014,167500,164500
Wed Oct 01 2014,167000,164000
Tue Sep 30 2014,167500,165000
Mon Sep 29 2014,166500,165000
Sun Sep 28 2014,166500,164000
Sat Sep 27 2014,166500,164000
Fri Sep 26 2014,167500,165000
Thu Sep 25 2014,164500,164500
Wed Sep 24 2014,166000,165000
Tue Sep 23 2014,165000,164000
Mon Sep 22 2014,164500,164000
Sun Sep 21 2014,168500,164000
Sat Sep 20 2014,168500,164000
Fri Sep 19 2014,165500,165000
Thu Sep 18 2014,165000,165000
Wed Sep 17 2014,165500,165000
Tue Sep 16 2014,168500,156000
Mon Sep 15 2014,169000,156500
Sun Sep 14 2014,168500,156000
Sat Sep 13 2014,168500,156000
Fri Sep 12 2014,169500,157000
Thu Sep 11 2014,162500,157500
Wed Sep 10 2014,172000,159000
Tue Sep 09 2014,170000,157000
Mon Sep 08 2014,172000,159000
Sun Sep 07 2014,172000,159000
Sat Sep 06 2014,172000,159000
Fri Sep 05 2014,170500,158000
Thu Sep 04 2014,170500,158000
Wed Sep 03 2014,170000,157000
Tue Sep 02 2014,172000,159000
Mon Sep 01 2014,172500,159500
Sun Aug 31 2014,172500,159500
Sat Aug 30 2014,172500,159500
Fri Aug 29 2014,173000,160000
Thu Aug 28 2014,172000,159000
Wed Aug 27 2014,172000,159000
Tue Aug 26 2014,171500,159000
Mon Aug 25 2014,172500,160500
Sun Aug 24 2014,172000,156500
Sat Aug 23 2014,172000,156500
Fri Aug 22 2014,172000,156500
Thu Aug 21 2014,174000,161500
Wed Aug 20 2014,174500,162000
Tue Aug 19 2014,174500,162000
Mon Aug 18 2014,174500,162000
Thu Aug 14 2014,178000,165000
Wed Aug 13 2014,177000,164500
Tue Aug 12 2014,177500,165000
Mon Aug 11 2014,177500,165000
Fri Aug 08 2014,180500,167500
Thu Aug 07 2014,178000,165000
Wed Aug 06 2014,176000,163500
Tue Aug 05 2014,175000,162500
Mon Aug 04 2014,175500,163000
Sun Aug 03 2014,177000,164500
Fri Aug 01 2014,175000,162500
Thu Jul 31 2014,175000,162500
Wed Jul 30 2014,175500,163000
Tue Jul 29 2014,176000,163500
Mon Jul 28 2014,176000,163500
Sat Jul 26 2014,177000,164500
Fri Jul 25 2014,175500,163000
Thu Jul 24 2014,176500,164000
Wed Jul 23 2014,176500,163500
Tue Jul 22 2014,178000,165000
Mon Jul 21 2014,177500,164500
Sun Jul 20 2014,178000,165000
Sat Jul 19 2014,178000,165000
Fri Jul 18 2014,179500,166000
Thu Jul 17 2014,177000,164500
Wed Jul 16 2014,176500,164000
Tue Jul 15 2014,176000,163500